Player Name,Team Name,League,Nationality,Country ,Age,Height,Pos,GP,EFF,MPG,PPG,RPG,ORB,DRB,APG,BPG,SPG,PF,FTA,FTM,FT%,2PA,2PM,2P%,3PA,3PM,3P%,TO,TYPE
Speranzini Gabe,Pinda,CBB,Brazilian,Brazil,8,205,F,0,0,0,0,0,0,0,0,0,0,0,0,0,0,0,0,0,0,0,0,0,
Santos Isaiah,Seven Lakes,,Brazilian,USA,15,190,SG,,,,,,,,,,,,,,,,,,,,,,High School
Vazquez Mathias,Real Betis 2,EBA,Brazilian,Spain,16,202,G/F,23,"15,2",23,"8,9","8,9","2,9",6,"1,3","0,3","1,3","2,3","4,9","2,6","53,1","5,8","2,7","46,6","1,1","0,3","27,3","1,4",
Vicentini Francesco,North Broward Prep,,Brazilian,USA,16,195,G,,,,,,,,,,,,,,,,,,,,,,High School
Gluck Joao,Murcia,U19 Championship,Brazilian,Spain,16,194,G,30,"15,8","25,9","13,9","2,4","0,5","1,9","6,6",0,"0,8","1,6","2,4","2,1","87,5","8,3","4,4",53,"2,6",1,"38,5","2,8",
Ruiz Arthur,Genova MyBK,Serie C,Brazilian,Italy,16,185,SG,0,0,0,0,0,0,0,0,0,0,0,0,0,0,0,0,0,0,0,0,0,
Araujo Danillo,Pinheiros,LDB U20,Brazilian,Brazil,17,199,C,0,0,0,0,0,0,0,0,0,0,0,0,0,0,0,0,0,0,0,0,0,
De Oliveira Lucas,Badajoz,U19 Championship,Brazilian,Spain,17,199,SF,28,"8,9","18,8","6,7","5,1","1,6","3,5","0,2","0,8","0,5","2,3","2,7","1,4","51,9","4,7","2,7","57,4",0,0,0,"0,9",
Pastre Pedro,Stellazzurra,EYBL U16,Brazilian,Italy,17,196,G,0,0,0,0,0,0,0,0,0,0,0,0,0,0,0,0,0,0,0,0,0,
Campana Eduardo,Pato,NBB,Brazilian,Brazil,17,192,SF,0,0,0,0,0,0,0,0,0,0,0,0,0,0,0,0,0,0,0,0,0,
Lopes Caio,Bauru,NBB,Brazilian,Brazil,17,190,G,1,0,2,0,0,0,0,0,0,0,0,0,0,0,0,0,0,0,0,0,0,
Kemm Nolan,GBA Lions,U19 League,Brazilian,Czech.Republic,17,189,PG,3,10,21,"8,3","4,3",2,"2,3","3,3","0,3","0,7","1,3","4,7","2,7","57,4","4,7","1,3","27,7","2,7",1,37,"1,7",
Silva Guilhermy,Curtatone,Serie C,Brazilian,Italy,17,184,PG,0,0,0,0,0,0,0,0,0,0,0,0,0,0,0,0,0,0,0,0,0,
Monteiro Matheus,Corinthians,NBB,Brazilian,Brazil,17,176,G,2,0,2,0,0,0,0,"0,5",0,0,0,0,0,0,0,0,0,0,0,0,"0,5",
Almeida Davi,Curtatone,Serie C,Brazilian,Italy,17,,G,0,0,0,0,0,0,0,0,0,0,0,0,0,0,0,0,0,0,0,0,0,
Guimaraes Gustavo,Riviera Prep,,Brazilian,USA,18,211,C,,,,,,,,,,,,,,,,,,,,,,High School
Boff Brayan,Caxias do Sul,NBB,Brazilian,Brazil,18,203,F,1,-1,11,3,1,0,1,0,1,0,1,2,1,50,2,1,50,2,0,0,1,
Sampaio Zion,Pine Crest,,Brazilian,USA,18,198,G,,,,,,,,,,,,,,,,,,,,,,High School
Nau Bernardo,Blumenau,CBB,Brazilian,Brazil,18,187,G,0,0,0,0,0,0,0,0,0,0,0,0,0,0,0,0,0,0,0,0,0,
De Souza Thiago,Sorocabana,CBB,Brazilian,Brazil,18,185,G,4,"0,3","2,5","0,5","0,5",0,"0,5",0,0,0,"0,3","0,5","0,5",100,0,0,0,0,0,0,"0,5",
Guilherme Luiz,Mogi,NBB,Brazilian,Brazil,18,185,G,2,"1,5","1,5","1,5",0,0,0,0,0,0,0,0,0,0,0,0,0,"0,5","0,5",100,0,
Bueris Arthur,Mogi,NBB,Brazilian,Brazil,18,181,PG,3,"1,3",6,1,"0,7",0,"0,7","0,7",0,"0,7","0,7","0,7","0,3","42,9","0,3","0,3",100,"0,3",0,0,"0,7",
Siqueira Lucas,Pato,NBB,Brazilian,Brazil,18,175,G,0,0,0,0,0,0,0,0,0,0,0,0,0,0,0,0,0,0,0,0,0,
Soligo Gustavo,Pato,NBB,Brazilian,Brazil,18,173,PG,0,0,0,0,0,0,0,0,0,0,0,0,0,0,0,0,0,0,0,0,0,
Duarte Isaque,Flamengo,NBB,Brazilian,Brazil,18,,,0,0,0,0,0,0,0,0,0,0,0,0,0,0,0,0,0,0,0,0,0,
Fagundes Thaylor,U.Corinthians,NBB,Brazilian,Brazil,18,,,27,"1,5","10,9","2,8",1,"0,3","0,7","1,1",0,"0,4","1,6","0,6","0,5","83,3","1,3","0,6","46,2",1,"0,3",30,"0,9",
Hadid Felipe,Flamengo,LDB U20,Brazilian,Brazil,18,,,0,0,0,0,0,0,0,0,0,0,0,0,0,0,0,0,0,0,0,0,0,
Marun Yan,Flamengo,NBB,Brazilian,Brazil,18,,,1,2,4,2,1,0,1,1,0,0,0,0,0,0,2,1,50,1,0,0,0,
Meili Vitor,Pinheiros,LDB U20,Brazilian,Brazil,18,,G,0,0,0,0,0,0,0,0,0,0,0,0,0,0,0,0,0,0,0,0,0,
Farias Vitor,Sesi Franca,NBB,Brazilian,Brazil,19,206,C,1,0,2,0,0,0,0,0,0,0,0,0,0,0,0,0,0,0,0,0,0,
Santos Felipe,Benfica U23,Proliga,Brazilian,Portugal,19,206,C,19,"1,3","8,3","1,4","1,4","0,5","0,9","0,2","0,1",0,"0,7","0,7","0,3","42,9","0,9","0,5","55,6","0,3","0,1","33,3","0,3",
Braga Winicius,Minas,NBB,Brazilian,Brazil,19,205,F,20,"2,3","7,5","2,2",2,"0,9","1,2","0,5","0,4","0,3","1,4","1,2","0,8","66,7","1,6","0,7","43,8","0,1",0,0,"0,8",
De Paula Enrico,Pinheiros,NBB,Brazilian,Brazil,19,205,C,24,"0,7","4,3","1,3","0,7","0,2","0,5",0,0,"0,1","0,6","0,2","0,1",50,"0,4","0,2",50,"0,6","0,3",50,"0,3",
Da Silva Wictor,Uniara/Arar.,NLB Southern Div.,Brazilian,Brazil,19,201,F,0,0,0,0,0,0,0,0,0,0,0,0,0,0,0,0,0,0,0,0,0,
Camilo Vinicius,Mogi,NBB,Brazilian,Brazil,19,200,F/C,4,"12,8","21,3",9,9,"2,3","6,8","0,8","0,3","0,3","2,8",4,"2,5","62,5","6,3","3,3","52,4","0,3",0,0,"2,5",
Cardoso Lucas,Corinthians,NBB,Brazilian,Brazil,19,200,F,2,0,1,0,0,0,0,0,0,0,0,0,0,0,0,0,0,0,0,0,0,
Raymundo Kauan,Corinthians,NBB,Brazilian,Brazil,19,200,F,27,"1,3","6,1","1,3","1,6","0,8","0,8",0,"0,6","0,1",1,"0,8","0,4",50,"0,8","0,4",50,"0,1",0,0,"0,4",
Ribeiro Bruno,Sao Jose,NBB,Brazilian,Brazil,19,200,SF,3,"0,3","3,3","1,3","0,3",0,"0,3",0,0,0,"0,3","0,7","0,7",100,"1,3","0,3","23,1",0,0,0,"0,3",
Almeida Joao,Sampaense,Proliga,Brazilian,Portugal,19,195,F/G,12,"0,7","3,3","1,1","0,3",0,"0,3",0,0,0,"0,4","0,9","0,5","55,6","0,4","0,2",50,"0,2","0,1",50,"0,1",
Araujo Juan,Juvemaia,1.Divisao,Brazilian,Portugal,19,,F/C,0,0,0,0,0,0,0,0,0,0,0,0,0,0,0,0,0,0,0,0,0,
Nascimento Ederson,Corinthians,LDB U20,Brazilian,Brazil,19,199,F,0,0,0,0,0,0,0,0,0,0,0,0,0,0,0,0,0,0,0,0,0,
Lima Lucas,Montverde Acad.,NIBC,Brazilian,USA,19,198,SF,,,,,,,,,,,,,,,,,,,,,,High School
Candido Andre,Pinheiros,LDB U20,Brazilian,Brazil,19,197,G,0,0,0,0,0,0,0,0,0,0,0,0,0,0,0,0,0,0,0,0,0,
Fernandes Fernando,Minas,NBB,Brazilian,Brazil,19,196,G,1,3,2,2,0,0,0,0,0,0,0,0,0,0,1,1,100,0,0,0,0,
Armani Otavio,Layton Christian,,Brazilian,USA,19,196,SF,,,,,,,,,,,,,,,,,,,,,,High School
Abreu Leandro,Bauru,NBB,Brazilian,Brazil,19,195,F,0,0,0,0,0,0,0,0,0,0,0,0,0,0,0,0,0,0,0,0,0,
Andrade Igor,Sao Paulo,NBB,Brazilian,Brazil,19,195,SF,6,0,"1,2","0,5",0,0,0,0,0,0,"0,3",0,0,0,0,0,0,"0,2","0,2",100,"0,2",
Silva Joao,Santos,CBB,Brazilian,Brazil,19,193,SF,6,"0,5","3,3","0,3","0,3","0,2","0,2","0,3",0,0,0,0,0,0,"0,5","0,2",40,"0,2",0,0,0,
Chiaretto Ivo,Ponta Grossa,Parana,Brazilian,Brazil,19,191,SF,0,0,0,0,0,0,0,0,0,0,0,0,0,0,0,0,0,0,0,0,0,
Colinski Luis,Sesi Franca,NBB,Brazilian,Brazil,19,191,G,1,-1,1,0,0,0,0,0,0,0,0,0,0,0,1,0,0,0,0,0,0,
Stocco Rafael,Botafogo,NBB,Brazilian,Brazil,19,190,PG,1,0,3,0,0,0,0,0,0,1,0,0,0,0,1,0,0,0,0,0,0,
Venancio Alisson,Corinthians,LDB U20,Brazilian,Brazil,19,188,SF,0,0,0,0,0,0,0,0,0,0,0,0,0,0,0,0,0,0,0,0,0,
Bortoluzzi Enzo,Blumenau,CBB,Brazilian,Brazil,19,186,G,0,0,0,0,0,0,0,0,0,0,0,0,0,0,0,0,0,0,0,0,0,
Caldeira Gabriel,Sao Jose,NBB,Brazilian,Brazil,19,185,PG,17,"0,7","4,5","0,9","0,7","0,3","0,4","0,7",0,"0,1","0,6","0,2","0,2",100,"0,2",0,0,"0,5","0,2",40,"0,5",
Tasso Bruno,Latina,Serie C,Brazilian,Italy,19,185,PG,0,0,0,0,0,0,0,0,0,0,0,0,0,0,0,0,0,0,0,0,0,
Segantini Lucas,Mogi,LDB U20,Brazilian,Brazil,19,184,SF,0,0,0,0,0,0,0,0,0,0,0,0,0,0,0,0,0,0,0,0,0,
De Souza Caua,Veritas Prep (CA),,Brazilian,USA,19,183,PG,,,,,,,,,,,,,,,,,,,,,,High School
Bianchi Enrico,Corinthians,LDB U20,Brazilian,Brazil,19,182,PG,0,0,0,0,0,0,0,0,0,0,0,0,0,0,0,0,0,0,0,0,0,
Nickel Joao,Sao Jose,NBB,Brazilian,Brazil,19,181,PG,0,0,0,0,0,0,0,0,0,0,0,0,0,0,0,0,0,0,0,0,0,
Cortez Akin,Mogi,LDB U20,Brazilian,Brazil,19,180,G,0,0,0,0,0,0,0,0,0,0,0,0,0,0,0,0,0,0,0,0,0,
Santos Kevin,Vasco da Gama,NBB,Brazilian,Brazil,19,180,PG,11,"2,1",7,"1,9","1,5","0,3","1,2","0,5",0,"0,4","0,6","0,5","0,3",60,1,"0,3",30,"0,7","0,4","57,1","0,2",
Felinto Igor,UniFacisa,NBB,Brazilian,Brazil,19,178,PG,2,0,"1,5",0,"0,5",0,"0,5",0,0,0,"0,5",0,0,0,0,0,0,0,0,0,0,
Machini Joao,Sesi Franca,NBB,Brazilian,Brazil,19,171,G,11,"1,9",6,"1,5",1,0,1,"1,4",0,"0,2","0,8","0,2","0,2",100,"1,1","0,5","45,5","0,6","0,1","16,7","0,6",
Cardoso Ryan,Pinheiros,LDB U20,Brazilian,Brazil,19,,,0,0,0,0,0,0,0,0,0,0,0,0,0,0,0,0,0,0,0,0,0,
Cunha Isaque,Brasilia,NBB,Brazilian,Brazil,19,,,0,0,0,0,0,0,0,0,0,0,0,0,0,0,0,0,0,0,0,0,0,
Pansica Daniel,Sao Paulo,LDB U20,Brazilian,Brazil,19,,,0,0,0,0,0,0,0,0,0,0,0,0,0,0,0,0,0,0,0,0,0,
Sales Guilherme,Mogi,LDB U20,Brazilian,Brazil,19,,,0,0,0,0,0,0,0,0,0,0,0,0,0,0,0,0,0,0,0,0,0,
Tesch Gui,Evansville,MVC,Brazilian,USA,20,206,G,0,0,0,0,0,0,0,0,0,0,0,0,0,0,0,0,0,0,0,0,0,NCAA 1
Cavero Nicolas,Osasco,CBB,Brazilian,Brazil,20,205,PF,6,"2,5","12,8","2,3","3,8","1,8",2,"0,3","1,2","0,3","1,3","0,7","0,3","42,9","2,7",1,37,"0,8",0,0,"0,8",
Godoi Jhonatan,Sao Paulo,NBB,Brazilian,Brazil,20,205,F/C,0,0,0,0,0,0,0,0,0,0,0,0,0,0,0,0,0,0,0,0,0,
Pacheco Afonso,Sao Jose,NBB,Brazilian,Brazil,20,205,PF,8,"1,3","5,1","1,1","1,3",1,"0,3","0,3","0,1","0,1","0,4","0,1","0,1",100,1,"0,5",50,0,0,0,"0,8",
Carvalho Vitor,Pinheiros,NBB,Brazilian,Brazil,20,204,C,11,"0,1","4,9","0,9","0,7","0,5","0,3","0,1","0,1","0,1","0,6","0,2",0,0,"1,5","0,5","33,3","0,2",0,0,"0,2",
Dias Kaick,Sao Jose,LDB U20,Brazilian,Brazil,20,204,PF,0,0,0,0,0,0,0,0,0,0,0,0,0,0,0,0,0,0,0,0,0,
Nunes Jordan,Uniara/Arar.,NLB Southern Div.,Brazilian,Brazil,20,204,F/C,0,0,0,0,0,0,0,0,0,0,0,0,0,0,0,0,0,0,0,0,0,
Silva Breno,UIW,Sthl,Brazilian,USA,20,203,F,15,"1,9","9,5","3,9","0,7","0,1","0,7","0,1",0,"0,3","0,9","0,7","0,5","71,4","0,1","0,1",100,"2,5","1,1",44,"0,5",NCAA 1
Bolis Rodolfo,EIU,OVC,Brazilian,USA,20,201,F,31,"2,8","11,4","1,7","3,3","1,3",2,"0,5","0,7","0,6","2,1","0,8","0,4",50,"1,7","0,7","41,2",0,0,0,"0,5",NCAA 1
Almeida Joao,Sesi Franca,NBB,Brazilian,Brazil,20,200,C,4,"2,5","3,8","2,3",1,"0,5","0,5","0,5",0,"0,3","0,5",0,0,0,"0,8","0,8",100,"0,8","0,3","37,5","0,5",
Contreras Francisco,Caxias do Sul,NBB,Brazilian,Brazil,20,200,SF,0,0,0,0,0,0,0,0,0,0,0,0,0,0,0,0,0,0,0,0,0,
Fachin Luiggi,Pinheiros,NBB,Brazilian,Brazil,20,200,F,6,"-0,2",2,"0,7","0,5","0,3","0,2",0,0,0,"0,5",0,0,0,"0,8","0,3","37,5","0,2",0,0,"0,2",
Sciamarella Roberto,Botafogo,NBB,Brazilian,Brazil,20,200,F,2,2,"0,5",0,"1,5",1,"0,5","0,5",0,0,0,0,0,0,0,0,0,0,0,0,0,
Silva Jonathan,Ovarense,Liga Betclic,Brazilian,Portugal,20,200,C,18,5,"15,1","4,4","3,1","1,5","1,6","1,1","0,3","0,5","2,4","1,9","1,2","63,2","2,6","1,6","61,5","0,2",0,0,"1,1",
Brandao Vitor,Paulistano,NBB,Brazilian,Brazil,20,199,G,16,"3,4","12,3","3,1","1,9","0,3","1,6","0,8",0,"0,6","0,3","0,8","0,4",50,"1,6","0,7","43,8","1,4","0,4","28,6","0,6",
Neto Silvio,Paulistano,NBB,Brazilian,Brazil,20,199,F,10,"-0,1","3,1","0,2","0,5","0,2","0,3",0,"0,1",0,"0,7",0,0,0,"0,2","0,1",50,0,0,0,"0,2",
Filho Deilson,Vitoria,CBB,Brazilian,Brazil,20,198,SF,1,-1,0,0,0,0,0,0,0,0,1,0,0,0,0,0,0,0,0,0,0,
Jesus Joao Henrique,Vitoria,CBB,Brazilian,Brazil,20,198,SF,2,"-0,5","3,5",0,0,0,0,0,0,0,0,0,0,0,"0,5",0,0,0,0,0,0,
Silva Caio,Gafanha,CNB2,Brazilian,Portugal,20,,,0,0,0,0,0,0,0,0,0,0,0,0,0,0,0,0,0,0,0,0,0,
Maffezzolli Marcus,Brusque,CBB,Brazilian,Brazil,20,197,F,5,"4,4","16,6","5,6","2,4","0,8","1,6","0,6","0,2","0,8","0,6","3,4",2,"58,8",2,"1,2",60,"1,6","0,4",25,"1,2",
Fernandes Joao,St.Edward's,LSC,Brazilian,USA,20,196,G,1,0,3,0,0,0,0,0,0,0,0,0,0,0,0,0,0,0,0,0,0,NCAA2
Nunes Fellipe,Botafogo,NBB,Brazilian,Brazil,20,194,G,10,"0,8","5,1","1,7","0,9","0,4","0,5",0,0,0,"0,8","0,3","0,2","66,7","0,7","0,3","42,9","0,6","0,3",50,"0,2",
Andrade Lucas,Botafogo,NBB,Brazilian,Brazil,20,193,G,20,"1,7","7,9",3,1,"0,4","0,7","0,5",0,"0,3",1,"0,5","0,3",60,"1,2","0,4","33,3","1,6","0,7","43,8","0,3",
Del Tedesco Alves Daniel,Corato,Serie B Interregionale,Brazilian,Italy,20,193,G,0,0,0,0,0,0,0,0,0,0,0,0,0,0,0,0,0,0,0,0,0,
Atauri Lucas,Paulistano,NBB,Brazilian,Brazil,20,192,SG,31,"1,2","10,4","3,2","1,4","0,3","1,2","0,5","0,1","0,4","1,7","0,6","0,5","83,3","1,2","0,5","41,7","1,6","0,5","31,3","0,8",
Omena Guilherme,Pinheiros,NBB,Brazilian,Brazil,20,192,G,13,"-0,7","9,3","0,8","0,5","0,2","0,3","0,6",0,"0,3","1,1",0,0,0,"0,5","0,1",20,"1,5","0,2","13,3","0,2",
Omena William,Pinheiros,NBB,Brazilian,Brazil,20,191,G,24,"1,5","10,5","2,4",1,"0,6","0,5","0,5",0,"0,3","0,9","0,3","0,3",100,"0,8","0,5","62,5","1,3","0,4","30,8","0,5",
De Costa Marco,Rosario,Superliga,Brazilian,Argentina,20,191,G,0,0,0,0,0,0,0,0,0,0,0,0,0,0,0,0,0,0,0,0,0,
Batalha Joao,Joacaba Basquete,Catarinense State,Brazilian,Brazil,20,190,G,0,0,0,0,0,0,0,0,0,0,0,0,0,0,0,0,0,0,0,0,0,
Landeira Gabriel,Corinthians,NBB,Brazilian,Brazil,20,190,PG,24,"1,2","6,4","1,7",1,"0,3","0,8","0,7",0,"0,2",1,"0,1","0,1",100,"0,8","0,4",50,"0,9","0,3","33,3","0,3",
Pereira Kaique,Corinthians,NBB,Brazilian,Brazil,20,190,G,3,"-0,3","1,3",0,0,0,0,0,0,0,0,0,0,0,0,0,0,0,0,0,"0,3",
Morina Ygor,Imola Virtus,Serie B Nazionale,Brazilian,Italy,20,190,G,33,"3,1","12,7","2,8","2,2","0,5","1,6","0,7","0,1","0,9",1,"0,6","0,3",50,"1,5","0,5","33,3","1,5","0,5","33,3","0,8",
Brandao Caio,Ponta Grossa,Parana,Brazilian,Brazil,20,188,G,0,0,0,0,0,0,0,0,0,0,0,0,0,0,0,0,0,0,0,0,0,
Saturnino Pedro,Grand-Saconnex,NLB,Brazilian,Switzerland,20,188,SF,2,3,"8,5","2,5",0,0,0,"1,5",0,1,0,0,0,0,1,"0,5",50,1,"0,5",50,1,
Laurindo Kaiky,Bethesda,NCCAA,Brazilian,USA,20,188,G,,,,,,,,,,,,,,,,,,,,,,NCCAA
Flores Vinicius,Sesi Franca,NBB,Brazilian,Brazil,20,187,G,2,"0,5","2,5","1,5",0,0,0,"0,5",0,0,"0,5","0,5","0,5",100,1,"0,5",50,0,0,0,"0,5",
Knabben Luiz,Brusque,CBB,Brazilian,Brazil,20,187,G,3,"-1,3","13,7",1,"0,3","0,3",0,"0,3",0,"0,3","1,7",0,0,0,0,0,0,"1,3","0,3","23,1","0,7",
Marsili Lucas,Santos,CBB,Brazilian,Brazil,20,186,G,0,0,0,0,0,0,0,0,0,0,0,0,0,0,0,0,0,0,0,0,0,
Martins Joao,Osasco,CBB,Brazilian,Brazil,20,185,PG,5,"-0,6","3,2","0,8",0,0,0,"0,4",0,"0,4",1,"1,2","0,8","66,7","0,2",0,0,0,0,0,"0,6",
Silva Diogo,Caxias do Sul,NBB,Brazilian,Brazil,20,185,PG,0,0,0,0,0,0,0,0,0,0,0,0,0,0,0,0,0,0,0,0,0,
Rodrigues Daniel,Uniara/Arar.,NLB Southern Div.,Brazilian,Brazil,20,183,PG,0,0,0,0,0,0,0,0,0,0,0,0,0,0,0,0,0,0,0,0,0,
Gueiros Matheus,Flamengo,NBB,Brazilian,Brazil,20,182,G,2,-1,"1,5",0,0,0,0,0,0,0,0,0,0,0,"0,5",0,0,"0,5",0,0,0,
Medeiros Alex,Cerrado,NBB,Brazilian,Brazil,20,182,PG,2,"0,5","1,5",1,0,0,0,0,0,0,1,1,1,100,0,0,0,0,0,0,0,
Giacon Evandro,Bauru,NBB,Brazilian,Brazil,20,181,G,0,0,0,0,0,0,0,0,0,0,0,0,0,0,0,0,0,0,0,0,0,
Vilarinho Gabriel,Brasilia,NBB,Brazilian,Brazil,20,181,PG,28,"-0,7","6,3","1,6","0,5","0,1","0,4","0,3",0,0,1,"0,4","0,3",75,"0,8","0,2",25,"1,3","0,3","23,1","0,6",
Bastos Joao,Uniara/Arar.,NLB Southern Div.,Brazilian,Brazil,20,,,0,0,0,0,0,0,0,0,0,0,0,0,0,0,0,0,0,0,0,0,0,
Goncalves Calebe,Sao Paulo,NBB,Brazilian,Brazil,20,,,2,1,"1,5",0,"0,5",0,"0,5",0,0,"0,5",0,0,0,0,0,0,0,0,0,0,0,
Lima Guilherme,Uniara/Arar.,NLB Southern Div.,Brazilian,Brazil,20,,,0,0,0,0,0,0,0,0,0,0,0,0,0,0,0,0,0,0,0,0,0,
Reis Lucas,Vitoria,CBB,Brazilian,Brazil,20,,G,2,"-1,5",6,1,1,0,1,0,0,0,2,"0,5",0,0,"0,5","0,5",100,0,0,0,1,
Santos Miguel,Sao Paulo,NBB,Brazilian,Brazil,20,,,20,"1,5","5,5","1,8","0,6","0,3","0,4","0,1",0,"0,3","0,7","0,3","0,2","66,7","0,6","0,5","83,3","0,6","0,2","33,3","0,2",
Silva Wilton,Cearense,NBB,Brazilian,Brazil,20,,,2,"-0,5","1,5",0,0,0,0,0,0,0,0,0,0,0,"0,5",0,0,0,0,0,0,
Texeira Ricardo,Mogi,LDB U20,Brazilian,Brazil,20,,,0,0,0,0,0,0,0,0,0,0,0,0,0,0,0,0,0,0,0,0,0,
Lopes Gabriel,Botafogo,NBB,Brazilian,Brazil,21,205,F/C,27,"0,8","9,7","2,9","0,9","0,1","0,7","0,2",0,"0,3",1,"0,5","0,3",60,1,"0,6",60,2,"0,4",20,"0,6",
Samoel Agapy,Pinheiros,NBB,Brazilian,Brazil,21,205,F,37,"5,8","13,7","4,9","4,7","2,2","2,4","0,3","0,5","0,3",2,"1,9","1,2","63,2","3,5","1,8","51,4","0,2",0,0,"0,7",
Lima Daniel,Mogi,NBB,Brazilian,Brazil,21,204,F/C,12,"7,3","22,8","6,8","7,6","2,5","5,1","0,3","0,1","0,6","2,8","2,2","1,2","54,5","5,3","2,7","50,9","0,8","0,1","12,5",1,
Guimaraes Fernando,Cerrado,NBB,Brazilian,Brazil,21,203,PF,2,0,2,0,0,0,0,0,0,"0,5",0,0,0,0,"0,5",0,0,0,0,0,0,
Jorge Leonardo,Mogi,LDB U20,Brazilian,Brazil,21,203,SF,0,0,0,0,0,0,0,0,0,0,0,0,0,0,0,0,0,0,0,0,0,
Santos Breno,Sorocabana,CBB,Brazilian,Brazil,21,203,PF,0,0,0,0,0,0,0,0,0,0,0,0,0,0,0,0,0,0,0,0,0,
Santos Vitor,Caxias do Sul,NBB,Brazilian,Brazil,21,203,PF,15,"0,9","8,7",2,"1,1","0,3","0,7","0,1","0,2","0,5","1,7","0,7","0,4","57,1","1,5","0,8","53,3",0,0,0,"0,5",
Risso Raul,Ponta Grossa,Parana,Brazilian,Brazil,21,202,SF,0,0,0,0,0,0,0,0,0,0,0,0,0,0,0,0,0,0,0,0,0,
Duque Daniel,Minas,NBB,Brazilian,Brazil,21,201,SF,2,"2,5",5,1,"1,5","0,5",1,"0,5",0,"0,5","0,5",0,0,0,1,"0,5",50,0,0,0,0,
Mariano Nathan,Sesi Franca,NBB,Brazilian,Brazil,21,201,F,21,"1,9","7,5",3,1,"0,3","0,7","0,3","0,2","0,1","0,9","1,1","0,8","72,7","0,7","0,5","71,4","1,1","0,4","36,4","0,6",
Neptune Yuri,Minas,NBB,Brazilian,Brazil,21,201,F,31,"3,5","7,5","2,9","1,9","0,9",1,"0,4",0,"0,4","0,7","0,8","0,6",75,"1,4",1,"71,4","0,8","0,1","12,5","0,3",
Pellegrini Zion,Cividale,Serie C,Brazilian,Italy,21,200,F,0,0,0,0,0,0,0,0,0,0,0,0,0,0,0,0,0,0,0,0,0,
Soares Lucas,Ponta Grossa,Parana,Brazilian,Brazil,21,199,SF,0,0,0,0,0,0,0,0,0,0,0,0,0,0,0,0,0,0,0,0,0,
Zacharias Talles,Oaklands,NBL D2,Brazilian,United Kingdon,21,198,F,0,0,0,0,0,0,0,0,0,0,0,0,0,0,0,0,0,0,0,0,0,
Nogueira Emerson,Ponta Grossa,Parana,Brazilian,Brazil,21,198,F,0,0,0,0,0,0,0,0,0,0,0,0,0,0,0,0,0,0,0,0,0,
Cardoso Bruno,Paulistano,NBB,Brazilian,Brazil,21,197,F,39,"7,5","18,4","7,2","4,6","1,3","3,3","0,8","0,6","0,6","2,4","2,6","1,4","53,8","4,4","2,7","61,4","0,9","0,1","11,1","0,9",
Fernandes Emanuel,Blumenau,CBB,Brazilian,Brazil,21,197,F,3,"1,7","6,7","1,7","1,7",0,"1,7",0,0,"0,7","0,3",0,0,0,"0,3","0,3",100,"1,3","0,3","23,1","0,7",
Ibiapina Vitor,Cruzeiro,CBB,Brazilian,Brazil,21,197,SF,2,"2,5","9,5",1,2,0,2,"0,5",0,"0,5","0,5",0,0,0,1,"0,5",50,"0,5",0,0,0,
Previatti Luciano,Cordon,LUB,Brazilian,Peru,21,197,PF,16,"0,3","5,7","0,8","0,8","0,4","0,4","0,3","0,2","0,2",1,"0,1","0,1",100,"0,9","0,4","44,4","0,3",0,0,"0,1",
Almeida Yago,Botafogo,NBB,Brazilian,Brazil,21,196,SF,1,0,12,1,5,2,3,0,0,1,1,2,1,50,3,0,0,0,0,0,2,
Araujo Allan,Brasilia,NBB,Brazilian,Brazil,21,196,F,28,"2,1","19,6","4,6","2,8",1,"1,8","0,5","0,1","0,8","3,3","1,1","0,8","72,7","2,2","0,9","40,9",2,"0,7",35,"1,1",
Mendes Iago,Mogi,NBB,Brazilian,Brazil,21,196,G,34,"0,8","14,7","3,6","1,2","0,3","0,9","0,3","0,1","0,4","2,2","0,6","0,4","66,7","1,7","0,8","47,1","1,7","0,5","29,4","0,9",
Maldonado Felipe,5Basket,1.Divisao,Brazilian,Portugal,21,184,G/F,0,0,0,0,0,0,0,0,0,0,0,0,0,0,0,0,0,0,0,0,0,
Almeida Rodrigo,Queluz,Proliga,Brazilian,Portugal,21,180,PG,3,"0,7",6,1,0,0,0,"0,3",0,"0,3","0,7",0,0,0,0,0,0,"0,7","0,3","42,9","0,3",
Sabino Lucas,Osasco,CBB,Brazilian,Brazil,21,195,SF,6,"4,2","18,2","5,2","3,5","1,3","2,2","0,8","0,2","0,2","2,5","0,3","0,3",100,"1,7","0,7","41,2","2,5","1,2",48,"0,8",
Seixas Henrique,Cerrado,NBB,Brazilian,Brazil,21,194,SF,19,"2,7","12,5","4,7","1,3","0,3",1,"0,7","0,1","0,7","1,7","0,9","0,6","66,7","2,4","1,1","45,8","1,8","0,6","33,3","0,7",
Da Silva Guilherme,Vitoria,CBB,Brazilian,Brazil,21,193,SG,2,2,"2,5",1,"1,5",1,"0,5",0,0,0,0,0,0,0,1,"0,5",50,0,0,0,0,
Santana Jose,Praia,CBB,Brazilian,Brazil,21,193,SF,1,-2,8,3,1,1,0,0,0,0,3,2,0,0,1,0,0,1,1,100,0,
Traldi Vitor,Sorocabana,CBB,Brazilian,Brazil,21,191,SF,4,"-1,5","4,5","0,8",0,0,0,0,0,0,1,0,0,0,"0,3",0,0,"0,8","0,3","37,5","0,5",
Gelascov Kaue,Sao Jose,NBB,Brazilian,Brazil,21,190,G,2,"-1,5",3,0,0,0,0,0,0,0,1,0,0,0,0,0,0,"0,5",0,0,0,
Barbosa Paulo,Sesi Franca,NBB,Brazilian,Brazil,21,189,G,38,"4,7","16,1",5,"1,7","0,6","1,1","1,2","0,2","0,4",1,"0,7","0,6","85,7","2,5","1,4",56,"1,6","0,5","31,3","0,8",
Leoni Matheus,Flamengo,NBB,Brazilian,Brazil,21,187,PG,13,"-0,5","5,9","0,5","0,3",0,"0,3","0,5",0,"0,6","0,8","0,2","0,2",100,"0,7","0,2","28,6","0,5",0,0,"0,5",
Motta Eduardo,Cerrado,NBB,Brazilian,Brazil,21,187,G,8,"0,5","1,9","0,6","0,3","0,3",0,"0,1",0,"0,1","0,3",0,0,0,"0,5","0,1",20,"0,1","0,1",100,0,
Gregate Felipe,Mogi,NBB,Brazilian,Brazil,21,186,PG,18,"5,1","19,7","6,2","1,9","0,9","1,1","1,2","0,1","0,9","2,1","1,6","1,1","68,8","2,9","1,7","58,6","1,7","0,6","35,3","0,7",
Queiroz Caua,Vasco da Gama,NBB,Brazilian,Brazil,21,183,G,1,8,33,3,4,1,3,9,1,1,3,0,0,0,1,0,0,4,1,25,3,
Santana Gustavo,Bauru,NBB,Brazilian,Brazil,21,183,G,13,"1,7","4,8","1,7","0,4","0,1","0,3","0,5","0,1","0,1","0,7","0,3","0,3",100,"0,4","0,2",50,"0,3","0,3",100,"0,2",
Roussenq Victor,Mogi,NBB,Brazilian,Brazil,21,182,PG,34,"0,4","8,3",2,"0,8","0,1","0,6","0,9",0,"0,2","1,4",1,"0,4",40,"0,8","0,3","37,5","0,9","0,3","33,3","0,7",
Rocha Bernardo,Pato,NBB,Brazilian,Brazil,21,180,G,2,-2,"2,5",0,0,0,0,0,0,0,"1,5",0,0,0,0,0,0,"0,5",0,0,0,
Faria Tiago,Pinheiros,NBB,Brazilian,Brazil,21,178,PG,33,4,"13,8","5,6","1,2","0,3","0,8","1,6",0,"0,2","0,8","1,7","1,4","82,4","2,6","0,9","34,6",2,"0,8",40,"0,9",
Caua Vitor,Cearense,NBB,Brazilian,Brazil,21,,,2,"-0,5","1,5",0,"0,5",0,"0,5",0,0,0,"0,5",0,0,0,0,0,0,0,0,0,"0,5",
Esdras Augusto,Vitoria,CBB,Brazilian,Brazil,21,,,2,"1,5",11,"2,5",3,"1,5","1,5",1,0,0,3,"0,5","0,5",100,2,1,50,0,0,0,"0,5",
Barbosa de Abreu Andre,Cerrado,NBB,Brazilian,Brazil,22,212,C,30,"11,5","24,2","9,8","7,1","2,3","4,8","1,2","0,5","0,2","2,1","2,1","1,5","71,4","7,9",4,"50,6","0,4","0,1",25,"1,8",
Elevi Edu,Sesi Franca,NBB,Brazilian,Brazil,22,207,C/F,37,"2,8","8,9","2,7","2,4","0,5","1,9","0,5","0,2","0,2","1,3","0,8","0,5","62,5","1,6",1,"62,5","0,5","0,1",20,"0,8",
Ribeiro Samuel,Cruzeiro,CBB,Brazilian,Brazil,22,206,G/F,6,"-1,2","8,3",1,"1,3","0,2","1,2","0,2","0,2","0,2","1,7",0,0,0,"0,7",0,0,"1,5","0,3",20,"0,3",
Silva Caique,Obras,LDD,Brazilian,Argentina,22,205,C,11,"8,9","21,3","6,7","5,3","1,8","3,5","0,5","1,5","0,4",2,"1,6","0,6","37,5","4,7","2,9","61,7","0,4","0,1",25,"1,1",
Santos Marcio,Sesi Franca,NBB,Brazilian,Brazil,22,204,F/C,38,"14,6","22,5","13,6","6,6",2,"4,6",1,"0,7","0,8","2,6",5,"3,8",76,6,"3,5","58,3",2,"0,9",45,"2,2",
Alves Murilo,Paulistano,NBB,Brazilian,Brazil,22,202,SF,7,"2,4","8,3","3,9","1,7","0,1","1,6","0,3","0,1",0,"0,9","1,6","1,1","68,8","1,1","0,3","27,3","1,7","0,7","41,2","0,4",
Macedo Joao,U.Corinthians,NBB,Brazilian,Brazil,22,202,SF,14,"-0,6","5,2","0,6","0,9","0,3","0,6","0,3","0,1","0,1","1,6","0,5","0,1",20,"0,5","0,2",40,0,0,0,"0,5",
Cruz Cassia Augusto,Butler,BEC,Brazilian,USA,22,202,SF,14,0,"3,6","0,6","0,9","0,4","0,6","0,1","0,1","0,1","0,9","0,1","0,1",100,"0,6","0,3",50,"0,4",0,0,"0,2",NCAA 1
Santos Gui,GS Warriors,,Brazilian,USA,22,202,SF,24,"3,9","8,6","3,4","2,1","0,7","1,4","0,6","0,1","0,2",1,"0,7","0,7",100,"1,2","0,8","66,7","1,1","0,4","36,4","0,3",NBA
Duque Higino,Cruzeiro,CBB,Brazilian,Brazil,22,201,SF,2,6,"9,5","6,5",0,0,0,"1,5",0,1,"0,5",1,1,100,"0,5","0,5",100,"3,5","1,5","42,9","0,5",
Santos Lukas,Mogi,NBB,Brazilian,Brazil,22,201,PF,36,"3,9",18,"5,7","2,4","1,1","1,4","0,9","0,3","0,3","2,2",1,"0,6",60,"4,4","2,1","47,7","0,8","0,3","37,5",1,
Bonatti Wanderley,TO Pari,Serie C,Brazilian,Italy,22,201,SF,0,0,0,0,0,0,0,0,0,0,0,0,0,0,0,0,0,0,0,0,0,
Cravero Leonardo,Caxias do Sul,NBB,Brazilian,Brazil,22,200,SF,36,5,"21,2","6,5","4,2","1,8","2,4","0,6","0,1","0,8","2,4",2,"1,2",60,"2,8","1,4",50,"3,2","0,8",25,"0,9",
Augusto Andrew,Cruzeiro,CBB,Brazilian,Brazil,22,198,F,5,"11,6","20,8","7,4",6,1,5,"3,6","0,2",2,"1,4","2,8","1,8","64,3","3,8","2,2","57,9","1,8","0,4","22,2",2,
Farias Carlos,Blumenau,CBB,Brazilian,Brazil,22,198,SF,7,"3,1","15,9","5,7","2,4","0,7","1,7","0,4","0,6","0,4","1,3","2,3","0,9","39,1","2,6","1,6","61,5",2,"0,6",30,"1,1",
Luiz Gustavo,Mogi,NBB,Brazilian,Brazil,22,198,C,22,1,"7,1","1,7","1,4","0,6","0,7","0,4",0,"0,1","0,9","0,5","0,3",60,"0,9","0,5","55,6","1,2","0,1","8,3","0,2",
Machado Gabriel,Ponta Grossa,Parana,Brazilian,Brazil,22,198,G,0,0,0,0,0,0,0,0,0,0,0,0,0,0,0,0,0,0,0,0,0,
Onwenu Daniel,Corinthians,NBB,Brazilian,Brazil,22,198,G/F,38,"6,8","22,6","7,6",4,"0,9","3,1","0,9","0,3","0,8","1,9","1,6",1,"62,5","3,9","1,9","48,7","2,9","0,9",31,"0,8",
Pereira Pedro,Londrina,Parana,Brazilian,Brazil,22,198,G,0,0,0,0,0,0,0,0,0,0,0,0,0,0,0,0,0,0,0,0,0,
Speranzini Gabriel,Pinda,CBB,Brazilian,Brazil,22,197,F,0,0,0,0,0,0,0,0,0,0,0,0,0,0,0,0,0,0,0,0,0,
Brasil Tiago,Brasilia,NBB,Brazilian,Brazil,22,195,SF,0,0,0,0,0,0,0,0,0,0,0,0,0,0,0,0,0,0,0,0,0,
Ferrugem Luiz,Pato,NBB,Brazilian,Brazil,22,194,G,0,0,0,0,0,0,0,0,0,0,0,0,0,0,0,0,0,0,0,0,0,
Abreu Arthur,Praia,CBB,Brazilian,Brazil,22,193,G,6,"4,5","27,3","6,5","3,5","0,8","2,7","0,8",0,2,"1,5",0,0,0,"2,7","1,5","55,6","5,7","1,2","21,1","1,2",
Costa Jonathan,Cerrado,NBB,Brazilian,Brazil,22,193,SF,28,3,"10,4",2,"2,7",1,"1,7","0,5",0,"0,5","0,9","1,3","0,5","38,5","1,3","0,7","53,8","0,3",0,0,"0,6",
Marcelino Luiz,Tatui/AABT,CBB,Brazilian,Brazil,22,193,SF,1,-1,1,0,0,0,0,0,0,0,1,0,0,0,0,0,0,0,0,0,0,
Narcizio Vitor,Sao Jose,NBB,Brazilian,Brazil,22,193,F,37,2,"8,2",2,"1,3","0,7","0,6","0,3",0,"0,2","0,5","0,5","0,3",60,1,"0,5",50,"0,8","0,2",25,"0,3",
Tognozzi Diogo,Ponta Grossa,Parana,Brazilian,Brazil,22,193,G,0,0,0,0,0,0,0,0,0,0,0,0,0,0,0,0,0,0,0,0,0,
Jordan Matheus,Botafogo,NBB,Brazilian,Brazil,22,192,G,6,"-0,5","11,2","1,5","0,8","0,3","0,5","0,8",0,"0,5",2,"0,3","0,3",100,"1,3","0,3","23,1",1,"0,2",20,"0,5",
Rodrigues Luan,Botafogo,NBB,Brazilian,Brazil,22,192,G,27,1,"8,4","3,9",1,"0,5","0,5","0,3","0,1","0,4","1,7","1,4","0,7",50,"2,2","1,2","54,5","1,1","0,3","27,3","0,7",
Lauback Kalebe,Maia Basket,Proliga,Brazilian,Portugal,22,198,F,12,"0,3","8,3","1,2","1,3","0,7","0,6","0,1","0,2","0,2","0,8","0,2","0,1",50,"1,1","0,2","18,2","0,6","0,3",50,"0,4",
Santos Guilherme,Scalipus,1.Divisao,Brazilian,Portugal,22,188,C,0,0,0,0,0,0,0,0,0,0,0,0,0,0,0,0,0,0,0,0,0,
Brasil Lucas,Vasco da Gama,NBB,Brazilian,Brazil,22,190,G,3,2,6,"3,7",0,0,0,"0,3",0,0,1,0,0,0,"0,3","0,3",100,"1,7",1,"58,8","0,3",
Ribeiro Dilber,Sorocabana,CBB,Brazilian,Brazil,22,190,G,8,"-0,4",7,"0,5","0,6","0,3","0,4","0,5",0,0,"1,3",0,0,0,"0,5","0,3",60,"0,3",0,0,"0,1",
Rocha Gabriel,Farense,1.Divisao,Brazilian,Portugal,22,181,PG,0,0,0,0,0,0,0,0,0,0,0,0,0,0,0,0,0,0,0,0,0,
Viana Elvis,Osasco,CBB,Brazilian,Brazil,22,189,G,6,"7,5","31,3","12,3",4,"0,5","3,5",3,0,"0,5","3,3","5,8",5,"86,2","3,2","1,2","37,5","5,2","1,7","32,7","1,8",
Borges Adyel,Pinheiros,NBB,Brazilian,Brazil,22,188,PG,30,"8,4","20,3","10,8","3,3","0,9","2,4","2,8","0,2",1,"2,3","2,6",2,"76,9","5,4","2,5","46,3","4,8","1,3","27,1",2,
Silva Gustavo,Brasilia,NBB,Brazilian,Brazil,22,187,G,23,"0,3","5,5","1,2","0,7","0,3","0,4","0,2",0,"0,2","0,8","0,6","0,1","16,7","0,8","0,5","62,5","0,4",0,0,"0,2",
Campos Joao,Praia,CBB,Brazilian,Brazil,22,185,PG,4,1,13,"2,3","1,8","0,5","1,3","2,8","0,3","0,5","1,8",2,"1,3",65,"1,3","0,5","38,5","1,8",0,0,"1,5",
De Paula Joao,Ponta Grossa,Parana,Brazilian,Brazil,22,185,G,0,0,0,0,0,0,0,0,0,0,0,0,0,0,0,0,0,0,0,0,0,
Ferreira Vinicius,Paulistano,NBB,Brazilian,Brazil,22,185,G,35,"1,5","17,9","3,6","1,5","0,2","1,3","2,1",0,"0,6","1,7",1,"0,6",60,2,"0,7",35,"2,3","0,6","26,1","1,4",
Abreu Leonardo,Paulistano,NBB,Brazilian,Brazil,22,184,G,13,"0,8","6,7","1,1","0,8","0,2","0,5","0,8",0,"0,2","0,7","0,8","0,2",25,"0,6","0,5","83,3","0,4",0,0,"0,3",
Mariano Gabriel,Vitoria,CBB,Brazilian,Brazil,22,176,PG,6,"1,2","18,3","2,5","1,8","0,5","1,3","1,8",0,1,1,0,0,0,"3,5",1,"28,6","0,8","0,2",25,"1,3",
Abreu Andre,Paulistano,NBB,Brazilian,Brazil,22,,,38,"7,3","21,9","7,6","4,4","1,6","2,8","1,5","0,5","0,8","1,8","2,6",2,"76,9","4,9","2,2","44,9","2,1","0,4",19,"1,2",
Rodrigues Rafael,Jena,ProA,Brazilian,Germany,23,214,PF,27,"3,5",10,"2,8","3,2","1,4","1,8","0,4","0,1","0,3","1,7",1,"0,4",40,"1,7","1,2","70,6",0,0,0,"0,7",
Ribeiro Lucas         ,Lindsey Wilson,MSC,Brazilian,USA,23,213,C,27,"7,9","17,2",6,6,"2,4","3,6","0,4","0,8","0,1",2,2,"1,3",65,"3,9","2,3",59,0,0,0,"1,2",NAIA
da Silva Vinicius,Sant Antoni,LEB Silver,Brazilian,Spain,23,212,C,0,0,0,0,0,0,0,0,0,0,0,0,0,0,0,0,0,0,0,0,0,
Alcassa Augusto,Botafogo,NBB,Brazilian,Brazil,23,211,F/C,31,"5,9","15,9","5,6","3,9","1,5","2,5","0,6","0,5","0,5","1,8","1,5",1,"66,7",4,"2,1","52,5","0,4","0,1",25,1,
Junior Ginaldo,Osasco,CBB,Brazilian,Brazil,23,211,C,5,"-0,6","8,6",2,3,"0,8","2,2","0,2","0,2",0,"2,4","1,8","0,6","33,3","1,2","0,4","33,3","0,4","0,2",50,"1,2",
Novaes Gabriel,Pato,NBB,Brazilian,Brazil,23,208,C,33,"14,8","30,4","11,7","6,4",2,"4,4","2,4","0,4","0,5","2,1","2,2","1,6","72,7","5,2","3,1","59,6","3,6","1,3","36,1","1,1",
Rodrigues Yago,Praia,CBB,Brazilian,Brazil,23,208,C,5,"2,8",13,"3,6","3,2","1,4","1,8","0,2","0,4","0,4","2,8","1,4","0,8","57,1",2,"1,4",70,0,0,0,1,
Santana Tarek,Vasco da Gama,NBB,Brazilian,Brazil,23,208,C/F,9,"0,9","2,4","0,7","0,9","0,4","0,4","0,1","0,1","0,1",0,"0,4","0,2",50,"0,7","0,2","28,6",0,0,0,"0,4",
Ludwing Alexandre,Cruzeiro,CBB,Brazilian,Brazil,23,207,F,5,"4,2","11,2","4,6","2,8","0,8",2,"0,6","0,8",0,"1,6","0,6","0,4","66,7","1,4","1,2","85,7","2,4","0,6",25,"0,6",
Bonizioli Honorato,Cerrado,NBB,Brazilian,Brazil,23,206,F/C,27,"0,9",6,"1,5","1,1","0,3","0,9","0,2","0,1","0,1","1,3","0,6","0,3",50,"0,9","0,6","66,7",0,0,0,"0,6",
Lopes Lucas,Brusque,CBB,Brazilian,Brazil,23,206,PF,6,0,"20,3",5,"3,5","1,3","2,2","0,5","0,3","0,5","3,2",1,"0,3",30,3,"1,8",60,"2,2","0,3","13,6",3,
Maciel Matheus,Bauru,NBB,Brazilian,Brazil,23,206,C,37,"6,3","17,8","6,8","4,5","1,4","3,1","0,6","0,1","0,4","2,1","1,9","1,2","63,2","3,5","1,9","54,3",2,"0,6",30,"1,2",
Miranda Ruan,Mazatlan,CIBACOPA,Brazilian,Mexico,23,205,C/F,14,"17,2","27,4","15,9","5,8","2,2","3,6","1,1","0,9","0,4","3,2","5,9","3,6",61,"9,9","5,9","59,6","0,6","0,2","33,3","1,5",
Amorim Samuel,Cearense,NBB,Brazilian,Brazil,23,204,C/F,25,"1,9","8,8","2,4","2,7","1,1","1,6","0,2","0,2","0,1","2,2","0,4","0,2",50,"1,9","1,1","57,9",0,0,0,"0,6",
Nascimento Pyerri,Faraday,D3,Brazilian,,23,204,C,,,,,,,,,,,,,,,,,,,,,,
Dias Tiago,Cerrado,NBB,Brazilian,Brazil,23,203,F,36,"2,5","17,3",4,"2,9","0,8","2,1","0,4","0,1","0,2","1,5","0,2","0,1",50,"2,3",1,"43,5","2,4","0,6",25,"0,5",
Penteado Matheus,Pinda,CBB,Brazilian,Brazil,23,203,SF,0,0,0,0,0,0,0,0,0,0,0,0,0,0,0,0,0,0,0,0,0,
Wade Malik,CBU,WAC,Brazilian,USA,23,203,F,23,"1,3","11,4","0,7","2,6","0,8","1,8","0,4","0,2","0,3","1,7","0,2","0,1",50,"0,7","0,3","42,9",0,0,0,"0,6",NCAA 1
Chagas Vinicius,Caxias do Sul,NBB,Brazilian,Brazil,23,202,SF,35,"6,1",17,"6,8","4,1","1,3","2,7","0,7","0,4","0,3","2,1",1,"0,6",60,"4,4","2,3","52,3","1,6","0,5","31,3",1,
Terreni Emanuel,Lissone,Serie C,Brazilian,Italy,23,202,F/C,0,0,0,0,0,0,0,0,0,0,0,0,0,0,0,0,0,0,0,0,0,
Colimerio Leonardo,Queens NC,A-Sun,Brazilian,USA,23,201,G/F,0,0,0,0,0,0,0,0,0,0,0,0,0,0,0,0,0,0,0,0,0,NCAA 1
Costa Jamison,U.Corinthians,NBB,Brazilian,Brazil,23,199,SF,36,"6,3","22,2","8,7","3,3",1,"2,3","1,2","0,3","0,7","2,6","1,5",1,"66,7",5,"2,6",52,"2,4","0,8","33,3","1,3",
Esteves Felipe,Londrina,Parana,Brazilian,Brazil,23,199,SF,0,0,0,0,0,0,0,0,0,0,0,0,0,0,0,0,0,0,0,0,0,
Silva Victor,Pato,NBB,Brazilian,Brazil,23,199,F,8,"2,4","5,4","3,4","0,8",0,"0,8",0,0,0,"0,8","0,3","0,1","33,3","1,4","0,9","64,3","0,6","0,5","83,3","0,3",
Leite Luan,Londrina,Parana,Brazilian,Brazil,23,198,F,0,0,0,0,0,0,0,0,0,0,0,0,0,0,0,0,0,0,0,0,0,
Nascimento Flavio,Praia,CBB,Brazilian,Brazil,23,198,PF,0,0,0,0,0,0,0,0,0,0,0,0,0,0,0,0,0,0,0,0,0,
Pedra Guilherme,Carroll MT,Frontier,Brazilian,USA,23,198,F,29,"6,3","23,7","5,9","3,4","0,7","2,7","1,3",0,"0,4","0,7","0,9","0,6","66,7","2,9","1,3","44,8","2,7","0,9","33,3","0,4",NAIA
Rodrigues Wellington,Temperley,Regional,Brazilian,Argentina,23,198,F,0,0,0,0,0,0,0,0,0,0,0,0,0,0,0,0,0,0,0,0,0,
Lima Emerson,Brasilia,NBB,Brazilian,Brazil,23,197,SF,22,"2,8","11,5","4,1","1,5","0,7","0,8","0,1",0,"0,1","1,4","0,9","0,7","77,8","1,7",1,"58,8","1,2","0,5","41,7","0,6",
Tiossi Joao,Brusque,CBB,Brazilian,Brazil,23,194,G/F,7,"0,9","26,6","6,9","2,7",1,"1,7","0,4",0,1,"2,3","1,6","0,9","56,3","2,3","0,9","39,1","4,7","1,4","29,8","2,3",
Moura Leandro,Minas,NBB,Brazilian,Brazil,23,190,G,6,"-0,5","5,3","1,5","0,3","0,2","0,2","0,3",0,0,"0,8","0,3",0,0,"1,5","0,5","33,3","0,5","0,2",40,"0,2",
Pereira Pedro,Sao Jose,NBB,Brazilian,Brazil,23,190,SF,38,"1,8","8,2","1,8",1,"0,4","0,6","0,5",0,"0,3","0,9","0,5","0,4",80,"0,8","0,4",50,"0,7","0,2","28,6","0,1",
Zibecchi Lucas,Botafogo,NBB,Brazilian,Brazil,23,190,PG,6,"4,2","10,8","4,5","0,8","0,3","0,5",1,0,"0,8","0,8","0,3","0,3",100,"1,8","1,3","72,2","1,3","0,5","38,5","1,2",
Duarte Gabriel,Pinda,CBB,Brazilian,Brazil,23,189,G,0,0,0,0,0,0,0,0,0,0,0,0,0,0,0,0,0,0,0,0,0,
Oliveira Elias,Caxias do Sul,NBB,Brazilian,Brazil,23,189,G,26,"1,8","10,8","2,2",1,"0,2","0,7",1,"0,1","0,6",1,"0,9","0,7","77,8","1,1","0,4","36,4","0,9","0,2","22,2","0,7",
Silva Matheus,Cerrado,NBB,Brazilian,Brazil,23,189,G,36,"8,8","27,7","10,8","3,4","0,9","2,6","3,4","0,2","1,3",2,"2,1","1,5","71,4","5,5","2,3","41,8","4,8","1,6","33,3","2,4",
Nunes Gustavo,Valongo,1.Divisao,Brazilian,Portugal,23,191,G,0,0,0,0,0,0,0,0,0,0,0,0,0,0,0,0,0,0,0,0,0,
Do Amorim Jean,Londrina,Parana,Brazilian,Brazil,23,188,G,0,0,0,0,0,0,0,0,0,0,0,0,0,0,0,0,0,0,0,0,0,
Fernandes Cristhya,Blumenau,CBB,Brazilian,Brazil,23,188,G,7,"2,3","21,9","5,3","3,7","1,1","2,6","1,1",0,"1,6","1,6","1,3",1,"76,9","2,6","1,3",50,"5,7","0,6","10,5",1,
Mendonca Luiz,Mogi,NBB,Brazilian,Brazil,23,188,G,28,"0,5","10,1","2,9","0,8","0,2","0,6","0,5",0,"0,3","1,5","0,3","0,1","33,3","0,8","0,4",50,"2,3","0,7","30,4","0,3",
Pinheiro Matheus,UniFacisa,NBB,Brazilian,Brazil,23,188,G,4,"0,3","2,5","0,5","0,5",0,"0,5",0,0,0,0,0,0,0,"0,5","0,3",60,"0,5",0,0,0,
Mencarini Raffael,Praia,CBB,Brazilian,Brazil,23,187,G,6,"10,7",29,16,"4,2","1,2",3,"1,5","0,2","1,5","3,2",4,"3,2",80,"6,7","3,7","55,2","5,7","1,8","31,6","1,5",
Costa Arthur,U.Corinthians,NBB,Brazilian,Brazil,23,185,PG,33,"0,6","16,7","3,5","1,4","0,2","1,1","1,2",0,"0,3","2,3","0,8","0,6",75,"1,3","0,4","30,8","2,6","0,7","26,9","0,9",
Santos Gabriel,Caxias do Sul,NBB,Brazilian,Brazil,23,185,G,28,"3,5","18,3","3,6","2,3","0,8","1,5","2,4","0,1","1,1","2,4","0,8","0,5","62,5","1,3","0,6","46,2","2,4","0,6",25,"1,1",
Policcici Jose Vitor,Tatui/AABT,CBB,Brazilian,Brazil,23,184,G,6,"3,7",30,"7,5","1,8","0,3","1,5","2,2",0,1,"3,5",2,"1,2",60,"3,3","2,2","66,7","2,2","0,7","31,8","2,2",
Monteiro Lucas,Vasco da Gama,NBB,Brazilian,Brazil,23,183,PG,2,"0,5",3,1,0,0,0,0,0,"0,5",0,0,0,0,1,"0,5",50,"0,5",0,0,0,
Campos Gabriel,Corinthians,NBB,Brazilian,Brazil,23,182,PG,35,3,13,"3,7","1,3","0,3",1,"1,8",0,"0,4","1,1",1,"0,9",90,"1,7","0,7","41,2",2,"0,5",25,"0,9",
Oliveira Jean,Osasco,CBB,Brazilian,Brazil,23,177,PG,6,"10,2","32,8","13,5",3,"0,3","2,7",4,"0,3","0,8","1,8","4,5","3,5","77,8","5,5",3,"54,5",4,"1,3","32,5","3,2",
Cardoso Lucas,UniFacisa,NBB,Brazilian,Brazil,23,176,PG,13,"-0,3","1,9","0,8","0,1",0,"0,1","0,2",0,0,"0,3","0,2","0,2",100,"0,3","0,1","33,3","0,4","0,2",50,"0,5",
Silveira Matheus,Rollins,SSC,Brazilian,USA,24,213,C,27,"16,1","27,3","17,8","6,2","2,4","3,8","1,8","1,2","0,3","2,8",4,"2,7","67,5","12,3","7,6","61,8","0,1",0,0,"2,3",NCAA2
Cardoso Felipe,Bauru,NBB,Brazilian,Brazil,24,211,C,0,0,0,0,0,0,0,0,0,0,0,0,0,0,0,0,0,0,0,0,0,
Malachias Vinicius,U.Corinthians,NBB,Brazilian,Brazil,24,209,C,38,"4,4","17,3","6,2","3,3","0,9","2,4","0,8","0,5","0,2","2,8","1,4",1,"71,4","4,8","2,4",50,"0,5","0,1",20,1,
Conceicao Sergio,Vasco da Gama,NBB,Brazilian,Brazil,24,208,C,39,"5,2","14,6","5,8","3,2","1,2",2,"0,8","0,4","0,3","2,4","1,4",1,"71,4","4,1","2,3","56,1","0,2","0,1",50,"1,2",
Mendes Gabriel,Tatui/AABT,CBB,Brazilian,Brazil,24,208,F,0,0,0,0,0,0,0,0,0,0,0,0,0,0,0,0,0,0,0,0,0,
Da Silva Bernardo,Hawaii,BWC,Brazilian,USA,24,206,F,31,"11,1","26,3","11,4","6,8","2,3","4,5","1,1","0,8","0,6",3,"4,9","2,5",51,"7,3","4,5","61,6",0,0,0,"1,3",NCAA 1
Rachel Rafael,UniFacisa,NBB,Brazilian,Brazil,24,205,F/C,36,"11,1","25,2","10,4",6,"1,7","4,4","0,6","0,7","0,8","2,2","2,5","2,1",84,"3,5","1,8","51,4","4,9","1,6","32,7",1,
Waldemar Maicon,Cerrado,NBB,Brazilian,Brazil,24,205,F/C,36,"4,1","15,5","4,5","3,5","1,6","1,9","0,2","0,4","0,4","1,9","1,6","1,1","68,8","3,8","1,7","44,7","0,1",0,0,"0,8",
Pereira Nathan,Termoli AirBskt,Serie C,Brazilian,Italy,24,205,C,0,0,0,0,0,0,0,0,0,0,0,0,0,0,0,0,0,0,0,0,0,
Estevao Guilherme,Santos,CBB,Brazilian,Brazil,24,204,F,8,"4,9","16,4",9,"3,8","1,3","2,5","0,4",0,"0,9","3,3","2,1","1,6","76,2","4,4","2,4","54,5","1,5","0,9",60,"2,4",
Barbosa Kaleo,Vitoria,CBB,Brazilian,Brazil,24,203,F,4,"0,5","7,8",1,2,"0,5","1,5","0,5",0,0,0,"0,5",0,0,"1,5","0,5","33,3","0,3",0,0,"1,3",
Soldi Gabriel,Santos,CBB,Brazilian,Brazil,24,202,SF,8,"2,9","10,4","3,3","2,3","0,5","1,8","0,3","0,4","0,1","1,6","0,9","0,5","55,6","1,9",1,"52,6","0,3","0,3",100,"0,5",
Silveira Samuel,Monteroni,Serie D,Brazilian,Italy,24,201,C,0,0,0,0,0,0,0,0,0,0,0,0,0,0,0,0,0,0,0,0,0,
Oliveira Gabriel,Westminster UT,RMAC,Brazilian,USA,24,201,F,3,"1,7","15,3","2,3","1,7","0,7",1,0,"1,3","0,3","1,7","1,3","0,3","23,1","1,7",1,"58,8",0,0,0,"0,7",NCAA2
Cardoso Joao,Memphis G.,,Brazilian,USA,24,200,PF,7,"8,9","17,9","6,9","5,3","1,6","3,7","0,3","0,6","0,9","1,4","1,4",1,"71,4","3,1","1,9","61,3","1,9","0,7","36,8","0,7",NBA
Nunes Pedro,U.Corinthians,NBB,Brazilian,Brazil,24,197,G,27,"9,8",30,"7,7","6,1",2,"4,1","1,6","0,1",1,"1,7","2,4","1,1","45,8","5,2","2,9","55,8","1,4","0,3","21,4","1,2",
Maciel Weverton,Sorocabana,CBB,Brazilian,Brazil,24,196,F,4,"0,3","9,5","0,5","1,8","0,8",1,"0,3",0,"0,3",1,0,0,0,"0,5","0,3",60,"0,8",0,0,"0,5",
Weber Matheus,Vasco da Gama,NBB,Brazilian,Brazil,24,195,SF,24,"0,5","3,6","0,9","0,6","0,3","0,3","0,1",0,0,"0,4","0,3","0,1","33,3","0,2","0,1",50,"0,8","0,2",25,"0,2",
Nascimento Gustavo,Sao Caetano,Paulista A2,Brazilian,Brazil,24,194,G,0,0,0,0,0,0,0,0,0,0,0,0,0,0,0,0,0,0,0,0,0,
Araujo Igor,Tatui/AABT,CBB,Brazilian,Brazil,24,193,G,6,"3,2","30,7","8,3","3,2","0,5","2,7","4,5","0,2","0,8","3,7","1,7","1,5","88,2","3,8","1,7","44,7","6,3","1,2",19,"2,7",
Dias Felipe,Londrina,Parana,Brazilian,Brazil,24,193,G,0,0,0,0,0,0,0,0,0,0,0,0,0,0,0,0,0,0,0,0,0,
Eugeniusz Matheus,Vasco da Gama,NBB,Brazilian,Brazil,24,193,G,39,"10,3","26,5","13,7","3,1","0,7","2,3","3,3","0,1","1,3","3,2",5,"3,8",76,"5,5","2,6","47,3","4,8","1,6","33,3","2,7",
Barbosa Anderson,Paulistano,NBB,Brazilian,Brazil,24,192,G/F,39,"4,5","20,1","4,9","3,6","0,9","2,6","1,1","0,2","1,1","2,1",1,"0,6",60,"2,7","1,2","44,4","2,4","0,6",25,"0,9",
Buffat Jonas,Pinheiros,NBB,Brazilian,Brazil,24,191,F,3,6,"13,7","6,3","2,7","0,3","2,3","0,7",0,0,"1,7",2,2,100,"2,7","1,7",63,1,"0,3",30,"0,7",
Silva Luis Miguel,Londrina,Parana,Brazilian,Brazil,24,191,G,0,0,0,0,0,0,0,0,0,0,0,0,0,0,0,0,0,0,0,0,0,
Cunha Gabriel,Osasco,CBB,Brazilian,Brazil,24,188,G,2,2,"26,5","8,5",4,1,3,"0,5",1,"1,5","2,5",1,0,0,"3,5",2,"57,1","5,5","1,5","27,3",4,
Fagundes Beto,Sorocabana,CBB,Brazilian,Brazil,24,188,PG,8,"13,8","31,8","13,1","5,8","2,3","3,5","2,9","0,5","2,3","2,6",3,"2,1",70,"5,5","3,6","65,5","3,8","1,3","34,2","2,6",
Ruivo Guilherme,Santos,CBB,Brazilian,Brazil,24,187,PG,1,5,15,9,2,2,0,0,0,0,1,0,0,0,2,0,0,6,3,50,0,
Brito Matheusinho,Botafogo,NBB,Brazilian,Brazil,24,184,PG,34,"7,9","23,1","10,6","3,1","0,5","2,6","3,7","0,1","1,1","2,6",4,"2,6",65,"5,6","2,6","46,4","3,6","0,9",25,"2,5",
Vernizz Alexsander,Vasco da Gama,NBB,Brazilian,Brazil,24,183,PG,19,"1,7","6,2","1,2",1,"0,2","0,8","1,1",0,"0,5","0,6","0,6","0,3",50,"0,6","0,2","33,3","0,9","0,2","22,2","0,5",
Almentra Dalaqua,Osasco,CBB,Brazilian,Brazil,24,182,G,0,0,0,0,0,0,0,0,0,0,0,0,0,0,0,0,0,0,0,0,0,
Ribeiro Adler,Sorocabana,CBB,Brazilian,Brazil,24,180,PG,8,"4,5","31,6","9,6","3,6","0,5","3,1","2,1",0,"0,8","2,1","2,4","1,4","58,3","2,3","1,1","47,8",7,2,"28,6",2,
Junior Robson,Tatui/AABT,CBB,Brazilian,Brazil,24,178,PG,6,"1,8","13,3","1,8","2,5","0,2","2,3","1,2",0,"0,3","1,8","0,3","0,3",100,"0,7",0,0,"1,3","0,5","38,5","1,2",
Da Silva Jonata,Joacaba Basquete,Catarinense State,Brazilian,Brazil,24,,PG,0,0,0,0,0,0,0,0,0,0,0,0,0,0,0,0,0,0,0,0,0,
Franca Joao,Tijuana,CIBACOPA,Brazilian,Mexico,25,215,C,24,"19,1",31,"17,5","8,4","1,8","6,6","1,6","1,5","0,7","2,6",6,"3,8","63,3","9,3","5,2","55,9","4,5","1,1","24,4","2,4",
Silveira Enzo,SE Oklahoma,GAC,Brazilian,USA,25,208,C,27,1,"5,4","1,3","1,6","0,5",1,0,"0,1","0,1","0,9","0,2","0,1",50,"1,1","0,6","54,5","0,1",0,0,"0,4",NCAA2
Bonfim Matheus,Pato,NBB,Brazilian,Brazil,25,206,F/C,27,"1,4","4,7","1,5",1,"0,5","0,4","0,2","0,3","0,1","0,7","0,5","0,1",20,1,"0,7",70,"0,2",0,0,"0,3",
Andre Dikembe,Caceres,LEB Gold,Brazilian,Spain,25,206,C,32,"10,1",21,"8,3","6,2","2,2","4,1","0,9",0,"0,3","2,5","3,3","1,5","45,5","6,1","3,4","55,7","0,1",0,0,"1,5",
Andrade Marcio,Tatui/AABT,CBB,Brazilian,Brazil,25,205,C,0,0,0,0,0,0,0,0,0,0,0,0,0,0,0,0,0,0,0,0,0,
Costa Lucas,Sao Caetano,Paulista A2,Brazilian,Brazil,25,203,F,0,0,0,0,0,0,0,0,0,0,0,0,0,0,0,0,0,0,0,0,0,
Scheuer Paulo,Pinheiros,NBB,Brazilian,Brazil,25,203,F,36,"4,2","16,4",6,"3,1",1,"2,1","0,6","0,3","0,2","2,5","1,9","1,2","63,2","4,3","2,4","55,8","0,1",0,0,"1,4",
Goncalves Kayo,Defensor,LUB,Brazilian,Uruguay,25,203,F,3,"13,3","30,3",15,6,"1,3","4,7","0,7","0,3","0,7","3,7","1,7",1,"58,8","1,7",1,"58,8",9,4,"44,4",1,
Matias Emanuel,Botafogo,NBB,Brazilian,Brazil,25,202,F,37,"9,1","26,9","7,9","5,4","1,3","4,1","1,6","0,6","0,9","2,9","1,1","0,8","72,7","3,7","2,1","56,8","2,5",1,40,"1,4",
Ramos Joao,Bauru,NBB,Brazilian,Brazil,25,201,F,4,"1,8","4,3","1,8","0,8","0,5","0,3",0,0,0,"0,3","0,5",0,0,"0,5","0,5",100,"0,3","0,3",100,0,
Cardozo Vinicius,Sao Caetano,Paulista A2,Brazilian,Brazil,25,200,G,0,0,0,0,0,0,0,0,0,0,0,0,0,0,0,0,0,0,0,0,0,
Penteado Danilo,Pato,NBB,Brazilian,Brazil,25,200,SF,28,1,"10,1","2,2","1,6","0,4","1,3","0,5",0,"0,3","1,7","0,3","0,3",100,"0,8","0,2",25,"1,6","0,5","31,3","0,5",
Santos Rafael,Santos,CBB,Brazilian,Brazil,25,200,F,8,"5,6","21,9","8,4","3,3","0,9","2,4","0,4",0,"0,4","1,5","1,1","0,9","81,8","4,1","2,3","56,1","2,9",1,"34,5","0,8",
Barbosa Lucao,Botafogo,NBB,Brazilian,Brazil,25,199,F,18,"0,1","9,5","0,9","1,5","0,2","1,3","0,4","0,3","0,5",2,"0,1","0,1",100,"0,8","0,3","37,5","0,9","0,1","11,1","0,3",
Braga Guilherme,Paulistano,NBB,Brazilian,Brazil,25,199,PF,1,8,12,6,2,2,0,1,0,0,0,4,4,100,3,1,"33,3",0,0,0,2,
Donati Elias,Molfetta DO,Serie B Interregionale,Brazilian,Italy,25,199,F,0,0,0,0,0,0,0,0,0,0,0,0,0,0,0,0,0,0,0,0,0,
Sena Danilo,Osasco,CBB,Brazilian,Brazil,25,196,SF,0,0,0,0,0,0,0,0,0,0,0,0,0,0,0,0,0,0,0,0,0,
Louzada Didi,Flamengo,NBB,Brazilian,Brazil,25,195,G,35,"11,9","27,9","11,2","4,8","0,9","3,9","2,4","0,1","1,1","1,9","2,9","2,3","79,3","4,3","2,2","51,2","4,3","1,5","34,9","1,5",
Von Haydin Daniel,Cerrado,NBB,Brazilian,Brazil,25,194,G,36,"9,8","25,9","9,6","3,7","0,6","3,1","2,5","0,1","1,1","1,3","1,5",1,"66,7","2,5","1,4",56,"5,5","1,9","34,5","1,3",
Nunes Thiago,Sao Paulo,NBB,Brazilian,Brazil,25,190,G,1,0,1,0,0,0,0,0,0,0,0,0,0,0,0,0,0,0,0,0,0,
Pacheco Caio,Burgos T.,LEB Gold,Brazilian,Spain,25,189,PG,0,0,0,0,0,0,0,0,0,0,0,0,0,0,0,0,0,0,0,0,0,
Santos Samuel,Brusque,CBB,Brazilian,Brazil,25,187,SG,7,"3,7","34,3",10,"4,6","1,6",3,"3,1","0,3",1,"2,7","3,4","1,7",50,"7,4","2,9","39,2","4,1","0,9",22,"2,9",
Matheus Joao,Ponta Grossa,Parana,Brazilian,Brazil,25,185,PG,0,0,0,0,0,0,0,0,0,0,0,0,0,0,0,0,0,0,0,0,0,
Girard Jean,Estoril,1.Divisao,Brazilian,Portugal,25,200,F,0,0,0,0,0,0,0,0,0,0,0,0,0,0,0,0,0,0,0,0,0,
Leao Augusto,Sao Jose,NBB,Brazilian,Brazil,25,184,PG,37,"5,1","20,6","6,5","2,1","0,4","1,8",2,"0,1","1,1","2,4","1,5","1,1","73,3","2,2","0,8","36,4","3,5","1,2","34,3","1,1",
Calmon Jonathan,Vitoria,CBB,Brazilian,Brazil,25,178,PG,6,"-2,3","21,5","1,7","2,5","0,8","1,7","1,3",0,"0,8","1,3","0,3",0,0,"2,3","0,3",13,"2,7","0,3","11,1","2,3",
Santos Yago,Crvena Zvezda,KLS,Brazilian,Serbia,25,175,PG,0,0,0,0,0,0,0,0,0,0,0,0,0,0,0,0,0,0,0,0,0,
Dos Anjos Felipe,Andorra,Liga Endesa,Brazilian,Spain,26,218,C,31,"12,4","21,5","10,5","5,5","2,5",3,1,"0,2","0,4","2,8","3,8","2,9","76,3",6,"3,8","63,3","0,2",0,0,"1,6",
Oliveira Caio,Botafogo,NBB,Brazilian,Brazil,26,211,C,5,"3,4",8,"2,8","2,6","0,8","1,8","0,4",0,"0,2","1,2","1,6","0,8",50,"1,8",1,"55,6",0,0,0,"0,4",
Ianguas Pedro,Platense,La Liga,Brazilian,Argentina,26,210,C,33,"13,6",23,"9,3","6,7",3,"3,8","0,4","0,7","0,3","2,7","3,8","2,3","60,5","5,2","3,5","67,3",0,0,0,"0,8",
Bafutto Victor,Melilla,LEB Silver,Brazilian,Spain,26,208,F,14,"5,5","15,1",6,"4,2","2,4","1,9","0,1","0,6","0,4","2,3","1,7","0,8","47,1","4,5","2,3","51,1","0,5","0,2",40,"1,4",
Rodrigues Alex,Blumenau,CBB,Brazilian,Brazil,26,206,F,7,"2,1","9,9","2,1","2,9","0,6","2,3","0,4",0,0,"0,9","0,6","0,4","66,7","2,1","0,9","42,9","0,3",0,0,"0,4",
De Oliveira Gabriel,Koblenz,ProA,Brazilian,Germany,26,206,PF,32,"5,9","23,1","10,4","3,9","0,9",3,"1,4","0,3","0,7","2,7","3,7","2,6","70,3","4,8","2,6","54,2","3,2","0,9","28,1","2,6",
Da Silva Oscar,Barca,Liga Endesa,Brazilian,Spain,26,206,F/C,29,"5,7","16,1","5,1","2,6","0,9","1,7","0,5","0,4","0,6","1,9","1,1","0,6","54,5","2,4","1,7","70,8",1,"0,4",40,"0,5",
Pecanha Pedro,Jachal,La Liga Argentina,Brazilian,Argentina,26,206,C,12,"14,1","32,6","13,2","8,1","2,3","5,8","1,6","0,3","0,9","1,7","4,1","2,8","68,3","11,9","5,2","43,7","0,2",0,0,"3,1",
Caue Lucas,Corinthians,NBB,Brazilian,Brazil,26,205,PF,38,"8,4","17,9","8,5","4,8","1,5","3,3","0,7","0,6","0,4","2,6","1,9","1,1","57,9","5,1","3,3","64,7","1,1","0,3","27,3","1,2",
Dos Anjos Jonathan,UTEP,CUSA,Brazilian,USA,26,203,F,25,1,"8,4","2,9","1,6","0,5","1,2","0,2","0,1","0,3","1,9","0,4","0,2",50,1,"0,5",50,"1,7","0,6","35,3","0,3",NCAA 1
Galvanini Gabriel,Flamengo,NBB,Brazilian,Brazil,26,202,SF,38,"15,7","25,2","13,5","7,2","2,3","4,9","1,9","0,5","1,2","2,8","4,5","2,9","64,4","7,1","4,4",62,"2,1","0,6","28,6","2,2",
Junior Jose Carlos,Brusque,CBB,Brazilian,Brazil,26,202,F,6,"5,5","24,8",7,"4,8","2,7","2,2","1,3","0,3","0,8","3,5","1,8",1,"55,6",4,"2,5","62,5",2,"0,3",15,"1,3",
Mamedes Joao,Blumenau,CBB,Brazilian,Brazil,26,201,PF,7,"7,1","27,4","6,6","6,7","2,9","3,9","0,6","0,9",1,"2,4","1,6","0,9","56,3","6,1","2,9","47,5",0,0,0,"1,6",
Paulichi Rafael,Vasco da Gama,NBB,Brazilian,Brazil,26,201,PF,39,"13,8","32,2","14,3","5,6",2,"3,6","1,6","0,7","0,8","3,1","2,4","1,9","79,2","5,9","3,9","66,1","4,3","1,5","34,9",2,
Queiros Felipe,Cearense,NBB,Brazilian,Brazil,26,201,PF,36,"6,9","25,3","8,4","4,2","0,9","3,3",1,"0,2","0,4","2,2","1,7","1,2","70,6","2,8","1,4",50,"4,2","1,5","35,7","1,3",
Silva Douglas,Sao Jose,NBB,Brazilian,Brazil,26,201,SF,36,"9,5","23,3","10,4","4,9","1,1","3,8",1,"0,5","0,7","2,9","3,1",2,"64,5","5,6","3,3","58,9","1,8","0,6","33,3","1,8",
Silva Magna,Pato,NBB,Brazilian,Brazil,26,201,F,38,"4,6","17,2","6,2","2,4","0,6","1,8","0,7",0,"0,3",2,"1,3","1,1","84,6","2,3","1,4","60,9","2,3","0,8","34,8","0,8",
Ruiz Vinicius,Genova MyBK,Serie C,Brazilian,Italy,26,198,SF,0,0,0,0,0,0,0,0,0,0,0,0,0,0,0,0,0,0,0,0,0,
Karalkovas Matheus,Sao Caetano,Paulista A2,Brazilian,Brazil,26,197,F,0,0,0,0,0,0,0,0,0,0,0,0,0,0,0,0,0,0,0,0,0,
Cruz Thiago,Sao Caetano,Paulista A2,Brazilian,Brazil,26,195,F,0,0,0,0,0,0,0,0,0,0,0,0,0,0,0,0,0,0,0,0,0,
Ferreira Aquiles,Tatui/AABT,CBB,Brazilian,Brazil,26,194,G,6,8,"28,3","12,7","3,5",1,"2,5","1,8",0,"0,8","3,2","1,7","1,2","70,6","6,8",4,"58,8","3,7","1,2","32,4","1,3",
Guaccio Angelo,Fiorenzuola,Serie B Nazionale,Brazilian,Italy,26,193,F/G,12,3,11,"1,6","2,4","0,3","2,2","0,8","0,2","0,5","1,6","0,3","0,3",100,"0,7","0,2","28,6","0,8","0,3","37,5","0,6",
Verissimo Fabricio,Pato,NBB,Brazilian,Brazil,26,192,G,34,"10,8","23,6","9,4","5,5","1,6","3,9","2,1","0,1","1,3","2,6","2,9","1,7","58,6","6,1","3,4","55,7","1,4","0,3","21,4","1,5",
Ruivo Felipe,Pinheiros,NBB,Brazilian,Brazil,26,188,PG,38,"10,6","29,6","6,4","3,1","0,4","2,6","6,8",0,"0,8","1,3","1,5","1,1","73,3",2,"1,1",55,"3,8","1,1","28,9","1,9",
Soares Bruno,Cearense,NBB,Brazilian,Brazil,26,182,PG,8,"-0,3","5,3",1,"0,8",0,"0,8","0,3",0,0,"0,8","0,3","0,1","33,3","0,6","0,3",50,"0,6","0,1","16,7","0,6",
Rojas Lazaro,Corinthians,NBB,Brazilian,Brazil,27,211,C,30,"1,8","7,4","2,5","1,6","0,5","1,1","0,2","0,2","0,1","1,3","0,8","0,5","62,5","1,6","0,9","56,3","0,2","0,1",50,"0,5",
Sena Yuri,Jachal,La Liga Argentina,Brazilian,Argentina,27,210,C,0,0,0,0,0,0,0,0,0,0,0,0,0,0,0,0,0,0,0,0,0,
Siewert Lucas,Sao Paulo,NBB,Brazilian,Brazil,27,208,F,38,"8,1",27,"8,1","4,5","1,3","3,1","0,9","0,6","0,6","1,8","0,9","0,8","88,9","2,6","0,9","34,6","4,6","1,8","39,1","0,6",
Rodrigues Anderson,Bauru,NBB,Brazilian,Brazil,27,207,PF,38,"15,7","31,3","14,8","6,6","2,5","4,1","1,2","0,6","0,6",3,"3,7","2,4","64,9","9,4","6,1","64,9","0,3","0,1","33,3","1,8",
Mendes Gabriel,Liceo PN,LNB,Brazilian,Chile,27,206,C,15,"12,4","31,5","11,9","7,9","3,1","4,8","1,2","0,5","0,5","2,3","3,6","2,1","58,3","6,5",4,"61,5","1,3","0,6","46,2","2,1",
Doria Alex,Paulistano,NBB,Brazilian,Brazil,27,205,F/C,33,"1,8","10,6","2,5","1,8","0,9","0,9","0,7","0,2","0,7","1,8","1,1","0,5","45,5","2,1","0,9","42,9","0,2","0,1",50,"0,6",
Camilo Victor,Paulistano,NBB,Brazilian,Brazil,27,203,PF,36,"10,9","25,9",12,"4,5","1,9","2,6","1,5","0,3","0,5","2,1","1,5","1,3","86,7","5,5","3,1","56,4",4,"1,6",40,"1,3",
Doria Lucas,Paulistano,NBB,Brazilian,Brazil,27,203,F,39,"11,2","23,2","9,9","5,5","2,3","3,2","1,9","0,3","1,4","2,7",2,"1,3",65,"7,4","4,1","55,4","0,4","0,1",25,"1,5",
Leal Victor,Sao Jose,NBB,Brazilian,Brazil,27,203,PF,28,"7,8","21,9","10,1",5,2,3,"0,8","0,4","0,5","2,9","3,8","1,8","47,4","7,3","4,1","56,2",0,0,0,2,
Carlos Jose,Cruzeiro,CBB,Brazilian,Brazil,27,200,PF,3,"8,7","30,7","9,3","6,7",3,"3,7","0,7",0,"0,3","2,7","2,3",2,87,"5,7","3,7","64,9",1,0,0,"2,3",
Lenz Rafael,Bauru,NBB,Brazilian,Brazil,27,200,SF,0,0,0,0,0,0,0,0,0,0,0,0,0,0,0,0,0,0,0,0,0,
De Oliveira Guilherme,Provincial,La Liga Argentina,Brazilian,Argentina,27,200,F,17,"3,9","12,5",4,"2,8",1,"1,8","0,2","0,1","0,3","2,4","1,2","0,8","66,7","2,8","1,6","57,1","0,1",0,0,"0,4",
Machado Derick,Cruzeiro,CBB,Brazilian,Brazil,27,198,SF,6,9,"26,2","8,5","7,5","1,2","6,3","2,8","0,2","0,8","3,2","1,8","0,8","44,4",6,"3,3",55,2,"0,3",15,"2,7",
Moraes Leandro,Sorocabana,CBB,Brazilian,Brazil,27,197,F,0,0,0,0,0,0,0,0,0,0,0,0,0,0,0,0,0,0,0,0,0,
Bento Guilherme,Tatui/AABT,CBB,Brazilian,Brazil,27,195,SF,6,"5,2","21,8","7,3","3,8","0,7","3,2","2,7","0,3",1,"3,8","2,3","1,5","65,2",3,"1,7","56,7","3,2","0,8",25,"1,8",
Fernandes Gabriel,Cearense,NBB,Brazilian,Brazil,27,193,G,24,"1,7","11,3","3,4","1,1","0,2","0,9","0,4",0,"0,2","1,5","0,9","0,6","66,7","0,6","0,3",50,"1,9","0,8","42,1","0,3",
Patricio Alexei,Blumenau,CBB,Brazilian,Brazil,27,193,G,7,"5,6","22,6","8,3","5,4","1,6","3,9",2,0,"0,9","2,6","2,7","1,9","70,4","6,1",3,"49,2","2,6","0,1","3,8","1,7",
Campos Lucas,Brusque,CBB,Brazilian,Brazil,27,190,PG,5,"12,4","35,4","18,8","4,4","0,6","3,8","2,8","0,2","1,2","2,2",4,"3,4",85,"9,2","4,4","47,8","6,2","2,2","35,5","3,2",
De Souza Michel,Pato,NBB,Brazilian,Brazil,27,190,G,38,"5,6","23,3","7,2","2,4","0,7","1,8","2,5","0,1","1,3","2,3","0,9","0,6","66,7","2,2",1,"45,5","4,7","1,6",34,"1,5",
Bueno Cassiano,Cearense,NBB,Brazilian,Brazil,27,189,PG,39,"8,8","23,1","8,7","3,5","0,4",3,3,0,"0,9","2,1","2,4","1,9","79,2","4,1","2,2","53,7","2,4","0,8","33,3","2,5",
Santos Guilherme,Cerrado,NBB,Brazilian,Brazil,27,189,PG,36,"9,6","28,1","11,6","4,1","1,3","2,8","2,1","0,1","0,9","2,5","3,7","2,6","70,3","6,8","3,2","47,1","2,9","0,9",31,"1,7",
Armani Juliano,Sao Caetano,Paulista A2,Brazilian,Brazil,27,185,PG,0,0,0,0,0,0,0,0,0,0,0,0,0,0,0,0,0,0,0,0,0,
Oliveira Philipe,Famalicense,1.Divisao,Brazilian,Portugal,27,200,F,0,0,0,0,0,0,0,0,0,0,0,0,0,0,0,0,0,0,0,0,0,
Sacco Gemadinha,Bauru,NBB,Brazilian,Brazil,27,183,G,38,"7,1","24,6","8,8","2,3","0,4","1,9","2,5",0,"0,9","2,4","1,6","1,3","81,3","2,9","1,2","41,4","4,8","1,7","35,4",1,
Santos Mateus,Rio Maior,EYBL U16,Brazilian,Portugal,27,,,0,0,0,0,0,0,0,0,0,0,0,0,0,0,0,0,0,0,0,0,0,
Lacerda Lucas,Mogi,NBB,Brazilian,Brazil,27,180,PG,37,"12,7","29,8","13,5","2,4","0,6","1,8","4,8","0,1",1,"2,1","3,6","2,8","77,8","5,7","2,7","47,4","5,4","1,8","33,3","1,6",
Sena Wesley,Caxias do Sul,NBB,Brazilian,Brazil,28,210,C,26,"6,7","22,7","11,7","3,4","1,1","2,3",1,"0,4","0,3","2,2","2,9","1,8","62,1","8,5",4,"47,1","1,6","0,6","37,5","1,8",
Ferreira Gabriel,Botafogo,NBB,Brazilian,Brazil,28,208,F/C,35,"3,2","17,3","3,1","3,4","1,3","2,1","1,4","0,2","0,7","3,3","1,3","0,6","46,2","3,1","1,3","41,9","0,1",0,0,1,
Bispo Leonardo,Blumenau,CBB,Brazilian,Brazil,28,206,F/C,7,"6,1","29,6","10,7",3,"0,7","2,3","0,9","0,7","0,4","2,4","0,4","0,1",25,"5,9","3,6",61,"4,4","1,1",25,"1,3",
Sousa Pedro,Vitoria,CBB,Brazilian,Brazil,28,205,C/F,6,"3,3","26,5","10,5","4,2","1,2",3,"1,2","0,5","0,5","2,7",2,1,50,"7,7",3,39,"2,8","1,2","42,9",3,
Roque Marcelo,Vitoria,CBB,Brazilian,Brazil,28,204,PF,6,"6,8","21,7","7,8","3,8",1,"2,8","1,2","0,3","0,8","1,5","1,2","0,8","66,7","4,5",3,"66,7","2,7","0,3","11,1","1,3",
Santana Matheus,Akademija FMP,Prva Liga,Brazilian,North Macedonia,28,204,PF,23,"9,1",25,"7,8","6,6","2,4","4,2","0,5","0,4","0,7","3,5","2,6","1,9","73,1","5,9","2,7","45,8","0,4","0,2",50,"1,3",
Da Silva Tulio,Cantabria,LEB Gold,Brazilian,Spain,28,203,F,7,"8,4","22,7","8,4","4,4","1,1","3,3","0,6",0,"0,9","1,9","2,7","1,6","59,3","5,1",3,"58,8","1,1","0,3","27,3","1,6",
Camilo Paulo,Aschaffenburg,Regionalliga,Brazilian,Germany,28,201,F,0,0,0,0,0,0,0,0,0,0,0,0,0,0,0,0,0,0,0,0,0,
Almeida Anderson,Pato,NBB,Brazilian,Brazil,28,200,F,15,"2,1","6,5","2,8",2,"1,1","0,9","0,1",0,"0,1","0,7","0,7","0,3","42,9","2,5","1,1",44,"0,2","0,1",50,"0,3",
Jacon Leonardo,Sorocabana,CBB,Brazilian,Brazil,28,199,SF,2,"0,5","18,5","1,5",2,0,2,1,1,1,2,0,0,0,0,0,0,"2,5","0,5",20,2,
Alves Wesley,Caxias do Sul,NBB,Brazilian,Brazil,28,198,SF,33,"3,8",24,"7,8","2,8","1,2","1,6","1,3","0,2","0,7","2,1","1,7","1,2","70,6","4,4","1,9","43,2","3,6",1,"27,8","1,5",
de Paula Georginho,Ulm,BBL,Brazilian,Germany,28,197,PG,29,"10,1","24,7",10,"2,9","0,8","2,2","3,9","0,3","0,9","1,6","3,5","2,8",80,"3,1","1,8","58,1","3,2","1,2","37,5","2,3",
Salsamendi Fernando,Cearense,NBB,Brazilian,Brazil,28,194,G/F,17,"4,7","16,5","4,6","1,9","0,7","1,2",1,"0,2","0,9","1,8","0,6","0,3",50,"2,6","1,7","65,4",1,"0,3",30,"0,9",
Pedreira Victor,Vitoria,CBB,Brazilian,Brazil,28,191,G,6,"6,5","31,3","16,7","6,5","3,2","3,3","3,3","0,2",2,"4,3","8,8","4,8","54,5",11,"5,2","47,3","3,3","0,5","15,2","4,7",
Servelin Gabriel,Pato,NBB,Brazilian,Brazil,28,191,G,0,0,0,0,0,0,0,0,0,0,0,0,0,0,0,0,0,0,0,0,0,
Demetrio Joao,Praia,CBB,Brazilian,Brazil,29,208,F/C,6,"7,8","20,8","9,3",5,"1,8","3,2","0,8","1,5",0,"2,3","2,5",2,80,"7,5","3,7","49,3","0,2",0,0,2,
Dias Lucas,Sesi Franca,NBB,Brazilian,Brazil,29,208,C,38,"20,1","31,5","19,3","6,4","1,7","4,7","2,8","0,6","1,1","1,9","3,3","2,6","78,8","7,8","4,7","60,3","6,3","2,4","38,1","1,9",
Gusmao Romulo,Cruzeiro,CBB,Brazilian,Brazil,29,208,C,5,"4,6",18,"5,4","3,4","1,8","1,6","0,8","0,4","0,6","2,2","1,6",1,"62,5","4,2","2,2","52,4","0,6",0,0,1,
Martin Pedro,Moraleja,EBA,Brazilian,Spain,29,208,F/C,18,"7,9","20,6","6,9","1,7","0,7","1,1","3,2","0,1","0,7","2,1","1,3","1,2","92,3","3,1","1,6","51,6","2,9","0,8","27,6","1,2",
Iglesias Jorge,Joacaba Basquete,Catarinense State,Brazilian,Brazil,29,206,PF,0,0,0,0,0,0,0,0,0,0,0,0,0,0,0,0,0,0,0,0,0,
Caboclo Bruno,Partizan,KLS,Brazilian,Serbia,29,206,C,0,0,0,0,0,0,0,0,0,0,0,0,0,0,0,0,0,0,0,0,0,
Sommer Eduardo,Pato,NBB,Brazilian,Brazil,29,205,PF,37,"9,9","28,2","10,4",5,"1,7","3,2","1,5","0,3","0,5","3,3","2,7","1,6","59,3","5,3","3,2","60,4","2,5","0,8",32,"1,3",
Alves Icaro,Vitoria,CBB,Brazilian,Brazil,29,204,PF,5,"-1,8",12,"2,4","1,6","0,8","0,8","0,2",0,0,"1,8","2,4","1,2",50,"2,4","0,6",25,0,0,0,"1,2",
Lesme Diego,Torre,1Div,Brazilian,Spain,29,203,F,13,"3,1","9,1","1,9","1,8","0,3","1,5","0,8","0,4","0,2","0,7","1,3","0,5","38,5","1,5","0,7","46,7","0,2",0,0,"0,4",
Juliatto Vithor,Poggibonsi,Serie D,Brazilian,Italy,29,202,PF,0,0,0,0,0,0,0,0,0,0,0,0,0,0,0,0,0,0,0,0,0,
Conceicao Fabio,Tatui/AABT,CBB,Brazilian,Brazil,29,200,F,3,"0,7","12,3",2,2,"0,3","1,7","0,3","0,7",0,2,"0,7",0,0,2,1,50,0,0,0,"0,3",
Ferreira Wesley,Sesi Franca,NBB,Brazilian,Brazil,29,200,PF,38,"8,9","17,9","8,7","3,8","1,4","2,3","1,2","0,7","0,6","2,2","2,8","2,1",75,"3,8","2,4","63,2","1,8","0,6","33,3","1,2",
Soares Elivelton,Sorocabana,CBB,Brazilian,Brazil,29,200,PF,8,"-1,6","14,6","2,4","1,9","0,5","1,4","0,4","0,1","0,3","2,4","0,8","0,5","62,5","1,9","0,8","42,1","1,1","0,1","9,1","1,5",
Silva Humberto,Vasco da Gama,NBB,Brazilian,Brazil,29,196,G,35,"6,5","29,2",7,"3,9","0,8","3,1","2,7","0,3","1,2","2,3","1,7",1,"58,8","3,3","1,4","42,4","3,7","1,1","29,7","1,5",
Ruiz Gustavo,Santos,CBB,Brazilian,Brazil,29,190,SG,8,10,"30,8","10,6","3,1","0,4","2,8","5,3","0,1","0,6","1,8","3,1","1,9","61,3","4,6","2,5","54,3","3,9","1,3","33,3","1,9",
Farina Lucas,Blumenau,CBB,Brazilian,Brazil,29,186,PG,7,"9,4","27,4","12,4","3,7","1,3","2,4","2,3",0,"0,9","1,3","3,3","2,6","78,8","6,9",3,"43,5","3,6","1,3","36,1","1,1",
Alves Alef,Cruzeiro,CBB,Brazilian,Brazil,29,185,G,1,9,19,3,5,0,5,4,0,1,1,2,1,50,1,1,100,2,0,0,1,
Borges Alexey,Crailsheim,BBL,Brazilian,Germany,29,185,PG,5,"8,8","23,6","10,6","2,2","0,4","1,8","5,2",0,1,"2,2",2,"1,4",70,"5,6","3,4","60,7","2,4","0,8","33,3","3,6",
Lersch Vithor,UniFacisa,NBB,Brazilian,Brazil,29,184,PG,39,"6,2","18,6","4,2","2,3","0,4","1,9","3,9","0,1","0,9","1,9","0,7","0,5","71,4","1,9","0,8","42,1","1,7","0,6","35,3","1,5",
Matine Rafael,Tatui/AABT,CBB,Brazilian,Brazil,29,182,G,6,"0,8","10,3","2,7","1,7","0,5","1,2","0,7",0,"0,2",1,"1,3","0,7","53,8",0,0,0,"2,2","0,7","31,8",1,
Moreira Lucas Henrique,Brusque,CBB,Brazilian,Brazil,29,181,PG,3,"-0,3","4,7",0,"0,7",0,"0,7","0,3",0,"0,3",1,0,0,0,0,0,0,"0,3",0,0,"0,3",
Santos Guilherme,Academico FC,1.Divisao,Brazilian,Portugal,29,196,C,0,0,0,0,0,0,0,0,0,0,0,0,0,0,0,0,0,0,0,0,0,
Lessa Guilherme,Mogi,NBB,Brazilian,Brazil,29,178,PG,37,"10,1","30,4","10,5","3,1","0,7","2,4","3,5","0,1","1,3","2,1","2,3","1,7","73,9","4,4",2,"45,5","4,2","1,6","38,1","2,2",
Ribeiro Renato,Farense,1.Divisao,Brazilian,Portugal,29,190,PF,0,0,0,0,0,0,0,0,0,0,0,0,0,0,0,0,0,0,0,0,0,
Braga Felipe,Reze,NM2,Brazilian,France,30,213,C,0,0,0,0,0,0,0,0,0,0,0,0,0,0,0,0,0,0,0,0,0,
Avelino Igor,Sao Caetano,Paulista A2,Brazilian,Brazil,30,203,F,0,0,0,0,0,0,0,0,0,0,0,0,0,0,0,0,0,0,0,0,0,
Ferreira Antonio,UniFacisa,NBB,Brazilian,Brazil,30,200,SF,32,"7,2","19,3","8,1","3,2","1,2",2,"1,5","0,2","0,6","1,8","2,4","1,7","70,8","3,9",2,"51,3","2,6","0,8","30,8","0,8",
Silva Matheus,Ponta Grossa,Parana,Brazilian,Brazil,30,200,F,0,0,0,0,0,0,0,0,0,0,0,0,0,0,0,0,0,0,0,0,0,
Frias Rafael,Santos,CBB,Brazilian,Brazil,30,196,F,7,8,"20,4",8,2,"0,7","1,3","1,1","0,3","1,4","1,7","2,1","1,9","90,5","1,3","1,1","84,6","3,7","1,3","35,1","0,3",
Da Costa Paulo,Brasilia,NBB,Brazilian,Brazil,30,193,G,34,"13,7","34,9","14,7","5,7","1,2","4,5","1,5","0,5","1,3",2,"2,3","1,8","78,3","5,5",3,"54,5","6,4","2,3","35,9","1,9",
Fuzaro Danilo,Minas,NBB,Brazilian,Brazil,30,193,G,38,"10,2","23,6","9,6",3,"0,5","2,5","2,6","0,3","0,9","2,3",3,"2,2","73,3","3,9","2,5","64,1","2,1","0,8","38,1","1,6",
Italo Rodrigo,Santos,CBB,Brazilian,Brazil,30,193,G,7,"3,4","23,3","6,6","3,4","0,6","2,9","2,6","0,4","1,4",4,"2,4","1,6","66,7","4,1","1,9","46,3","1,7","0,4","23,5","2,4",
Rosa Lucas,Sorocabana,CBB,Brazilian,Brazil,30,193,G,8,"2,8","25,3","2,5","3,6","0,8","2,9","1,3","0,1","0,9","1,9","0,4","0,4",100,"1,8","0,5","27,8","2,1","0,4",19,"0,6",
Mendes Andre,Brusque,CBB,Brazilian,Brazil,30,192,SG,6,"13,7","36,5","15,2","8,3","1,8","6,5","2,8","0,5",2,"2,7","7,3","6,3","86,3","8,2","2,7","32,9","5,2","1,2","23,1","1,5",
Nascimento Nathanael,Londrina,Parana,Brazilian,Brazil,30,188,G,0,0,0,0,0,0,0,0,0,0,0,0,0,0,0,0,0,0,0,0,0,
Ramos Deryk,Brasilia,NBB,Brazilian,Brazil,30,185,G,36,"5,3","19,8","5,8","2,5","0,8","1,7","2,3",0,"0,6","1,7","0,8","0,6",75,"5,3","2,4","45,3","0,7","0,1","14,3","1,1",
Vasconcelos Arthur,Vitoria,CBB,Brazilian,Brazil,30,185,PG,0,0,0,0,0,0,0,0,0,0,0,0,0,0,0,0,0,0,0,0,0,
Pecos Arthur,Pato,NBB,Brazilian,Brazil,30,180,PG,34,"7,9","19,6","6,7","4,1","1,2","2,8","3,3",0,"0,4","1,3","1,4","0,9","64,3","4,5","1,9","42,2","2,5","0,6",24,"1,1",
Carneiro Wilson,Ponta Grossa,Parana,Brazilian,Brazil,30,175,PG,0,0,0,0,0,0,0,0,0,0,0,0,0,0,0,0,0,0,0,0,0,
Gallina Joao,Galomar,Liga Betclic,Brazilian,Portugal,30,192,SF,22,"1,1","12,3","1,7","1,6","0,4","1,2","0,5",0,"0,4","1,6","0,5","0,3",60,1,"0,4",40,"0,8","0,2",25,"0,7",
Silva Luiz,Estoril,1.Divisao,Brazilian,Portugal,30,184,F,0,0,0,0,0,0,0,0,0,0,0,0,0,0,0,0,0,0,0,0,0,
Tavares Maique,Flamengo,NBB,Brazilian,Brazil,31,210,C,31,"8,3","16,8","7,7",4,"1,5","2,5","0,6","0,5","0,5","2,2","0,8","0,7","87,5","2,8",2,"71,4","2,6",1,"38,5","0,6",
Barbosa Germerson,Minas,NBB,Brazilian,Brazil,31,205,SF,33,"2,9","16,8","5,8",3,1,2,"0,7",0,"0,2","2,6","1,2","0,8","66,7","2,5","1,2",48,"2,6","0,8","30,8","1,1",
Oliveira Tom,Osasco,CBB,Brazilian,Brazil,31,204,F,0,0,0,0,0,0,0,0,0,0,0,0,0,0,0,0,0,0,0,0,0,
De Oliveira Gabriel,Santos,CBB,Brazilian,Brazil,31,202,G,8,10,"30,1","12,8",4,"0,5","3,5","2,3","0,4","0,6","2,9","3,4","2,9","85,3",3,"1,8",60,"5,5","2,1","38,2","1,9",
Oliveira Rafa,Caxias do Sul,NBB,Brazilian,Brazil,31,199,SF,32,"8,6","24,4","8,4","4,4","1,5","2,9","1,2","0,2",1,"2,5","1,5","1,1","73,3","4,6","2,8","60,9","2,2","0,6","27,3",1,
Duranti Bruno,Teramo,Serie B Interregionale,Brazilian,Italy,31,197,F,0,0,0,0,0,0,0,0,0,0,0,0,0,0,0,0,0,0,0,0,0,
Lima Luizinho,Santos,CBB,Brazilian,Brazil,31,196,SF,4,"5,5",20,"3,5",3,"1,5","1,5","2,5","0,3","1,3",1,"1,8","0,3","16,7","2,5","1,3",52,"0,8","0,3","37,5","0,8",
Scaglia Gustavo,Praia,CBB,Brazilian,Brazil,31,193,G,2,16,"30,5",11,7,"1,5","5,5","6,5","0,5",1,"1,5",2,2,100,5,3,60,5,1,20,"2,5",
Viana Bruno,Santos,CBB,Brazilian,Brazil,31,191,PG,4,"6,8",22,"7,3","4,5",1,"3,5","1,8",0,"0,5","2,3","2,3","1,8","78,3","4,3",2,"46,5","1,3","0,5","38,5","1,5",
Muller Luiz,Vitoria,CBB,Brazilian,Brazil,31,190,G,4,"10,5",32,16,"3,8",1,"2,8",2,0,"0,5","2,8",4,"3,5","87,5","4,8","1,8","37,5","6,5",3,"46,2","1,5",
Vieira Patrick,Botafogo,NBB,Brazilian,Brazil,31,186,PG,28,6,"20,1","7,7","2,4","0,5","1,9","1,5","0,2","0,9","1,8","1,9","1,2","63,2","3,5","1,9","54,3",3,"0,9",30,"1,4",
Coelho Henrique,Sao Paulo,NBB,Brazilian,Brazil,31,184,PG,30,"8,6","21,8","9,1",3,1,2,"2,6",0,1,"2,9","1,7","1,2","70,6","3,7","2,6","70,3","3,1","0,9",29,"1,3",
Felicio Cristiano,Granada,Liga Endesa,Brazilian,Spain,32,210,C,0,0,0,0,0,0,0,0,0,0,0,0,0,0,0,0,0,0,0,0,0,
dos Santos Arquidally,Brusque,CBB,Brazilian,Brazil,32,205,C,6,"1,5","16,8","3,2",2,"0,8","1,2","0,2","0,3","0,2","2,3","1,3","1,2","92,3",2,1,50,"0,2",0,0,"0,7",
Paranhos Alexandre,Minas,NBB,Brazilian,Brazil,32,204,F,36,"13,6","23,3","12,1","7,5","2,2","5,4",1,"0,3","0,7","2,4","3,9","2,4","61,5","8,3","4,8","57,8","0,1",0,0,"1,8",
Pereira Dida,Santos,CBB,Brazilian,Brazil,32,202,C/F,8,"13,8","31,1","15,4","6,9","2,9",4,"1,5","0,1",1,"2,9","6,5","4,8","73,8","8,6","4,8","55,8","1,1","0,4","36,4","1,6",
Vezaro Felipe,Minas,NBB,Brazilian,Brazil,32,192,G,38,"8,2",22,"8,2",3,"0,9","2,1","1,4","0,1","0,6","1,7","0,9","0,8","88,9","1,6","0,9","56,3","3,7","1,8","48,6","0,9",
Luz Rafael,Andorra,Liga Endesa,Brazilian,Spain,32,187,PG,26,"17,6","30,8","13,2","10,7","3,6","7,2","2,1","1,3","0,5","3,3","4,3","2,6","60,5","8,8","4,7","53,4","1,5","0,4","26,7","3,2",
Neto Raul,Fenerbahce,BSL,Brazilian,Turkey,32,185,PG,0,0,0,0,0,0,0,0,0,0,0,0,0,0,0,0,0,0,0,0,0,
Rossetto David,Cerrado,NBB,Brazilian,Brazil,32,184,PG,36,"9,2","28,5","9,9","3,3","0,9","2,4",4,"0,1","1,1","2,3","2,4","1,7","70,8","3,6","1,5","41,7","4,8","1,7","35,4",2,
dos Santos Robinho,Pinda,CBB,Brazilian,Brazil,32,183,PG,0,0,0,0,0,0,0,0,0,0,0,0,0,0,0,0,0,0,0,0,0,
Lima Augusto,Unicaja,Liga Endesa,Brazilian,Spain,33,210,C,27,8,22,"5,4","2,3","0,5","1,8","4,1",0,"1,3","2,3","1,4","1,1","78,6","2,8","1,4",50,"1,7","0,5","29,4","1,7",
Santo Gerson,UniFacisa,NBB,Brazilian,Brazil,33,206,F/C,3,5,13,"4,3",3,"1,3","1,7",0,"0,7","0,3",1,1,"0,3",30,"2,7",2,"74,1",0,0,0,"2,3",
Soares Pedro,Vitoria,CBB,Brazilian,Brazil,33,200,SF,4,"8,3","29,5",6,"7,8","1,3","6,5",3,"0,5","0,8",3,"3,3","1,5","45,5","3,5","1,5","42,9","1,8","0,5","27,8","1,8",
Basilio Luiz,Vasco da Gama,NBB,Brazilian,Brazil,33,193,G,33,4,25,"4,8","2,6","0,6",2,"1,7",0,"0,8",2,1,"0,9",90,"1,5","0,5","33,3","3,5",1,"28,6","0,6",
Pereira Gui,Flamengo,NBB,Brazilian,Brazil,33,192,G,38,"11,3","27,8","12,1",3,"0,6","2,4","2,4","0,2","1,2","1,7","1,3","1,1","84,6","3,7","2,2","59,5","5,4","2,2","40,7","1,5",
Borges Caue,Corinthians,NBB,Brazilian,Brazil,33,187,G,35,"12,6","27,3","13,7","2,7","0,7","2,1","2,3","0,1","0,9","2,1","3,8","3,1","81,6","5,6","3,5","62,5","3,3","1,2","36,4","1,3",
Fischer Ricardo,Sao Paulo,NBB,Brazilian,Brazil,33,183,PG,34,"12,4","28,4","12,6","2,9","0,4","2,5","4,6",0,"0,8","2,3","3,1","2,4","77,4","4,6","2,4","52,2","4,5","1,8",40,"2,3",
Dos Santos Luiz Paulo,Mogi,NBB,Brazilian,Brazil,34,210,F/C,35,"8,5","21,8",8,"5,4","1,6","3,8","1,4","0,2","0,9","3,2","2,5","1,5",60,"5,2","2,7","51,9","0,9","0,4","44,4","1,8",
Lenz Renan,Minas,NBB,Brazilian,Brazil,34,207,F/C,38,"7,9","18,5",8,"3,7","1,2","2,5","0,9","0,6","0,2","1,7","0,8","0,6",75,"2,2","1,4","63,6","4,1","1,5","36,6","0,6",
Silva Diego,Esparreguera,1Div,Brazilian,Spain,34,207,F/C,23,"9,9","27,1","9,3","5,1","1,5","3,7","1,2","0,6","1,3",2,"2,9","1,7","58,6","6,3","2,9",46,"2,3","0,6","26,1","1,6",
Bernardi Arthur,Sao Jose,NBB,Brazilian,Brazil,34,205,F,38,"5,2","16,7","6,4","2,6","0,6","1,9","0,7","0,2","0,4","1,4","1,2","0,9",75,"2,7","1,2","44,4","2,6","1,1","42,3","0,9",
Rodrigues William,Dikrich,Nationale 3,Brazilian,Luxembourg,34,205,C,0,0,0,0,0,0,0,0,0,0,0,0,0,0,0,0,0,0,0,0,0,
Ferreira Fernando,Joacaba Basquete,Catarinense State,Brazilian,Brazil,34,200,F,0,0,0,0,0,0,0,0,0,0,0,0,0,0,0,0,0,0,0,0,0,
Pastor Vinicius,Mogi,NBB,Brazilian,Brazil,34,199,SF,36,"4,9","18,9","5,5","3,3",1,"2,3","0,9","0,1","0,6","2,3","0,8","0,6",75,2,"1,1",55,"2,7","0,9","33,3","0,7",
Goncalves Isaac,Corinthians,NBB,Brazilian,Brazil,34,196,G,38,"3,7","17,5","4,8","2,2","0,5","1,6","0,5",0,"0,4","1,8","0,9","0,8","88,9","1,1","0,6","54,5","2,8",1,"35,7","0,3",
Benite Vitor,Palencia,Liga Endesa,Brazilian,Spain,34,194,SG,30,"7,6","22,8","11,5","2,3","0,4","1,9","1,4",0,"0,3","2,5","2,7","2,2","81,5","4,5","1,9","42,2","5,2","1,9","36,5",1,
Corazza Elio,Corinthians,NBB,Brazilian,Brazil,34,191,PG,37,"14,6",33,"9,6","4,1","0,5","3,6","9,1",0,"1,5","1,4","1,2","0,8","66,7","4,3","1,8","41,9","4,9","1,7","34,7","2,6",
Oliveira Jimmy,Pinheiros,NBB,Brazilian,Brazil,34,190,SG,38,10,"31,7","12,6","4,1","0,9","3,2","1,7",0,"1,1","2,6","1,2",1,"83,3","5,8",3,"51,7","4,7","1,9","40,4","1,5",
Gobor Vinicius,Blumenau,CBB,Brazilian,Brazil,34,185,PG,7,"2,4","18,3","4,6","1,3",0,"1,3","2,9","0,1","0,7","2,7","1,1","0,9","81,8","0,7","0,1","14,3","3,7","1,1","29,7","0,9",
Mathias Thiago,Vasco da Gama,NBB,Brazilian,Brazil,35,208,C,35,"7,2","13,7","7,6","4,5","1,1","3,4","0,4","0,5","0,3","2,9","1,6","1,1","68,8","4,6","3,1","67,4","0,2","0,1",50,"1,7",
Torelly Matias,Caxias do Sul,NBB,Brazilian,Brazil,35,198,F,1,2,4,2,0,0,0,1,0,0,1,0,0,0,1,1,100,0,0,0,0,
Faverani Vitor,Sao Paulo,NBB,Brazilian,Brazil,36,213,C,33,"4,7","12,2",6,"2,4","0,3","2,1","0,6","0,2","0,1","1,4","1,8","1,4","77,8","2,9","1,5","51,7","1,4","0,5","35,7","0,8",
Ansaloni Ralfi,Sao Paulo,NBB,Brazilian,Brazil,36,211,C,39,"12,5","23,6","12,2","6,5","1,1","5,4","1,3","0,3","0,4","2,5","3,4","2,7","79,4","6,2","3,7","59,7","2,7","0,7","25,9","1,5",
Mineiro Rafael,Minas,NBB,Brazilian,Brazil,36,208,F,39,"12,3","25,3","8,9","5,6","1,2","4,4","1,6","0,6","0,8","1,8","1,8","1,1","61,1","3,2",2,"62,5","2,8","1,3","46,4","0,7",
Stabile Rafael,Praia,CBB,Brazilian,Brazil,36,196,SF,6,"11,8",32,"11,3","8,3","1,2","7,2",3,"0,2",1,"3,2","4,2","3,7","88,1","2,7","1,3","48,1","6,5","1,7","26,2","1,5",
Duarte Betinho,Sao Paulo,NBB,Brazilian,Brazil,36,195,SG,32,"6,9","22,7","7,5","3,1","0,7","2,4","1,8","0,2","0,6","2,5","1,9","1,6","84,2","2,8","1,5","53,6","2,9",1,"34,5","1,3",
Freitas Caue,Vasco da Gama,NBB,Brazilian,Brazil,36,192,G,33,"11,8","30,3","6,2","5,2",1,"4,2","5,9","0,4","1,4","3,1","1,1","0,8","72,7",2,1,50,"3,3","1,2","36,4","1,6",
Nunes Douglas,Cearense,NBB,Brazilian,Brazil,37,210,PF,27,13,"26,5","11,4","5,3","1,4","3,9","1,7","0,6","0,5","2,1","3,3","2,7","81,8",5,"3,3",66,"2,3","0,7","30,4","1,3",
Hubner Guilherme,UniFacisa,NBB,Brazilian,Brazil,37,209,C,39,9,"18,7","8,4",5,"1,5","3,4","0,7","0,4","0,4","2,1","1,5","1,1","73,3","4,2","2,9",69,"1,8","0,5","27,8","1,2",
Silva Rodrigo,Brusque,CBB,Brazilian,Brazil,37,207,C,4,"2,3","30,3","4,5","5,3","1,8","3,5",1,1,"0,3","2,5","1,3","0,8","61,5","4,5","1,5","33,3","2,3","0,3",13,"1,3",
Ferreira Fernando,Remeros,LUB,Brazilian,Uruguay,37,205,F,2,"7,5","25,5",12,"4,5","1,5",3,"1,5","0,5",1,3,3,"2,5","83,3","7,5","2,5","33,3","3,5","1,5","42,9","1,5",
Carbonari Renato,Sao Jose,NBB,Brazilian,Brazil,37,202,F/C,32,14,"25,8","11,3","5,8","1,9",4,"2,2","0,3","0,9","1,9","2,3","1,7","73,9","5,3","3,4","64,2","2,6",1,"38,5","1,7",
Conceicao Diego,Caxias do Sul,NBB,Brazilian,Brazil,37,199,F,36,"11,9","26,2",12,"5,7","1,9","3,8","1,4","0,3","1,1","2,8","4,8","3,9","81,3","6,7","3,4","50,7","1,8","0,4","22,2","1,8",
dos Santos Jhonatan,Sesi Franca,NBB,Brazilian,Brazil,37,199,SF,31,"4,3",24,"5,8","3,4","0,7","2,7","1,8","0,1","0,4","2,7","1,3","1,1","84,6","1,6","0,6","37,5","3,6","1,2","33,3","1,5",
Carvalho Eddy,Cearense,NBB,Brazilian,Brazil,37,197,SF,27,"6,7","27,6","9,4","3,6",1,"2,6","1,6","0,1","0,7","2,1",1,"0,6",60,"3,8","2,1","55,3",5,"1,6",32,"1,5",
Bresolin Andre,UniFacisa,NBB,Brazilian,Brazil,37,195,SG,38,"9,1",25,"9,3","3,4","0,5","2,9","2,7","0,2","1,2","1,6","1,8","1,5","83,3","3,3","1,8","54,5","4,9","1,4","28,6","1,6",
Lima Pedro,Cruzeiro,CBB,Brazilian,Brazil,37,191,SG,6,9,"24,5",14,3,"0,7","2,3","2,2","0,3","0,5","2,7","4,3","3,3","76,7","6,2","3,3","53,2",4,"1,3","32,5","2,3",
Fidelis Joao,Pinheiros,NBB,Brazilian,Brazil,37,189,G,9,"1,3","7,8","1,7","1,1","0,7","0,4","0,6",0,"0,1","1,2","1,4","0,8","57,1","0,8","0,4",50,"0,4",0,0,"0,2",
Coimbra Andre,Puerto Montt,LNB,Brazilian,Chile,38,205,C,4,"10,3","38,8","14,3","8,8",2,"6,8","1,8","1,8","0,3","3,3","4,8","2,5","52,1","10,3","5,5","53,4","1,8","0,3","16,7","4,3",
Vinicius Marcus,Valls,EBA,Brazilian,Spain,38,201,F,27,14,"26,1","10,6","6,6","2,8","3,8","0,7","1,3","0,4","1,8","2,8","1,8","64,3","7,2","4,1","56,9","0,5","0,2",40,"1,6",
Ganev Leo,Sao Caetano,Paulista A2,Brazilian,Brazil,38,,G,0,0,0,0,0,0,0,0,0,0,0,0,0,0,0,0,0,0,0,0,0,
Santos Robson,Veroli,Serie D,Brazilian,Italy,39,208,C,0,0,0,0,0,0,0,0,0,0,0,0,0,0,0,0,0,0,0,0,0,
Negri Claudio,Marnatese,Serie C,Brazilian,Italy,39,197,PF,0,0,0,0,0,0,0,0,0,0,0,0,0,0,0,0,0,0,0,0,0,
Russo Fabricio,Vasco da Gama,NBB,Brazilian,Brazil,39,196,SF,39,"2,5","11,9","3,8","1,4","0,3","1,2",1,0,"0,3","1,4","0,7","0,4","57,1","0,4","0,3",75,"2,9","0,9",31,"0,6",
Castellon Rafael,Tatui/AABT,CBB,Brazilian,Brazil,39,191,G,6,"5,7","35,7","14,8",4,"1,2","2,8",1,0,1,"1,5","3,8","3,2","84,2",6,"2,3","38,3","10,2","2,3","22,5","1,5",
Vieira Marquinhos,Vasco da Gama,NBB,Brazilian,Brazil,40,207,F,36,"13,9","26,6","14,8","3,8","0,4","3,4","3,1","0,3","0,8","1,8","3,8","3,4","89,5","5,8","2,8","48,3","4,9","1,9","38,8","2,1",
Vinicius Marcao,Sorocabana,CBB,Brazilian,Brazil,40,205,C,0,0,0,0,0,0,0,0,0,0,0,0,0,0,0,0,0,0,0,0,0,
Henrique Fernando,Ponta Grossa,Parana,Brazilian,Brazil,40,201,F,0,0,0,0,0,0,0,0,0,0,0,0,0,0,0,0,0,0,0,0,0,
Rodriguez Olivinha,Flamengo,NBB,Brazilian,Brazil,41,202,F,24,"8,9","15,1","8,3","4,1","1,5","2,6","0,4",0,"0,3","1,5","1,2","1,2",100,"3,7","2,5","67,6",2,"0,8",40,"0,7",
de Oliveira Edu,Vitoria,CBB,Brazilian,Brazil,41,195,SF,3,"7,7","37,3",6,"7,3","0,3",7,3,0,"1,7","1,7","1,7","1,7",100,2,"1,7",85,"4,7","0,3","6,4",4,
Oliveira Alex,Sao Caetano,Paulista A2,Brazilian,Brazil,41,195,SF,0,0,0,0,0,0,0,0,0,0,0,0,0,0,0,0,0,0,0,0,0,
Huertas Marcelinho,Tenerife,Liga Endesa,Brazilian,Spain,41,191,PG,0,0,0,0,0,0,0,0,0,0,0,0,0,0,0,0,0,0,0,0,0,
Drudi William,Tatui/AABT,CBB,Brazilian,Brazil,43,206,F/C,5,"14,8","32,6","11,6","9,6","1,6",8,"2,2","0,2","1,4","3,8","3,4",3,"88,2","3,8","2,2","57,9","4,2","1,4","33,3",2,
Garcia Alex,Bauru,NBB,Brazilian,Brazil,44,190,G,35,"13,6","33,2","13,1","4,3","0,6","3,8","5,7","0,1","1,5","2,4","2,5",2,80,"4,9","2,7","55,1","6,1","1,9","31,1",3,
De Sousa Miguel,Boston University Ac,,Brazilian,USA,,203,F/C,,,,,,,,,,,,,,,,,,,,,,High School
Silva Nicolas,Davis & Elkins,MntEast,Brazilian,USA,,201,F,27,"7,7","19,6","9,7","4,5","1,3","3,2","1,3","0,2","0,7","2,2","3,6","2,2","61,1","6,1","3,3","54,1","1,1","0,3","27,3","1,4",NCAA2
Hausmann Augusto,Park,HAAC,Brazilian,USA,,198,F,29,"10,2","26,8","11,1","5,9","1,9",4,1,"0,5","0,8","1,8","2,9","1,6","55,2",9,"4,8","53,3",0,0,0,"1,8",NAIA
Reichert Mateus,Schreiner,SCAC,Brazilian,USA,,189,G/F,21,0,"6,3","0,8",1,"0,3","0,7","0,6",0,0,"0,5","0,2","0,2",100,"0,6","0,3",50,"0,3",0,0,1,NCAA3
Carvalho Fernando,Kansas Christian,NCCAA,Brazilian,USA,,188,F,,,,,,,,,,,,,,,,,,,,,,NCCAA
Martins Jose,Seven Lakes,,Brazilian,USA,,183,PG,,,,,,,,,,,,,,,,,,,,,,High School
Teixeira Felipe,Hamilton Hgh Chr,,Brazilian,USA,,182,G,,,,,,,,,,,,,,,,,,,,,,High School
Almeida Icaro,Cruzeiro,CBB,Brazilian,Brazil,,,,1,2,6,2,0,0,0,3,0,1,1,4,2,50,0,0,0,1,0,0,0,
Buongermino Vincenzo,Santos,CBB,Brazilian,Brazil,,,,1,0,2,0,0,0,0,0,0,0,0,0,0,0,0,0,0,0,0,0,0,
Dalaqua Felipe,Osasco,CBB,Brazilian,Brazil,,,,3,3,"27,3",12,2,1,1,"2,3",0,1,3,2,"1,7",85,"4,7","1,7","36,2","8,7","2,3","26,4","1,7",
Damiao Heitor,Sorocabana,CBB,Brazilian,Brazil,,,,1,0,2,0,0,0,0,0,0,0,0,0,0,0,0,0,0,0,0,0,0,
de Oliveira Lucas,Sorocabana,CBB,Brazilian,Brazil,,,,2,"-0,5","1,5","0,5","0,5","0,5",0,0,0,0,"0,5",1,"0,5",50,0,0,0,0,0,0,"0,5",
Ferianci Gabriel,Paulistano,NBB,Brazilian,Brazil,,,,1,0,2,0,0,0,0,0,0,0,0,0,0,0,0,0,0,0,0,0,0,
Fernandes Nathan,Sesi Franca,NBB,Brazilian,Brazil,,,,9,4,"9,8","3,1","1,9","0,2","1,7","0,4","0,2","0,2","0,8","0,4","0,3",75,1,"0,6",60,"1,3","0,6","46,2","0,2",
Galli Evandro,Bauru,NBB,Brazilian,Brazil,,,,4,"-0,3","2,3",0,"0,3","0,3",0,"0,3",0,0,0,0,0,0,"0,5",0,0,0,0,0,"0,5",
Garcia Gabriel,U.Corinthians,NBB,Brazilian,Brazil,,,,6,"0,5","1,8","0,3","0,2","0,2",0,"0,2",0,0,0,0,0,0,"0,3","0,2","66,7",0,0,0,0,
Gomes Everton,Osasco,CBB,Brazilian,Brazil,,,,3,"9,7",25,11,"6,3","2,3",4,1,"0,7","0,3","3,7","5,3",3,"56,6","6,3",4,"63,5",0,0,0,1,
Inacio Marcos,Sorocabana,CBB,Brazilian,Brazil,,,,4,"-2,8","10,5","2,8","1,5","0,8","0,8","0,3",0,0,3,"1,8","1,3","72,2","2,3","0,8","34,8","0,5",0,0,"1,8",
Leoterio Breno,Sorocabana,CBB,Brazilian,Brazil,,,,4,"2,5","21,5","4,8",4,"2,3","1,8","0,3","0,3","0,5","2,3","0,5","0,3",60,3,"1,5",50,1,"0,5",50,"2,5",
Nardi Jose,Sao Paulo,NBB,Brazilian,Brazil,,,,0,0,0,0,0,0,0,0,0,0,0,0,0,0,0,0,0,0,0,0,0,
Nascimento Felipe,Sao Jose,NBB,Brazilian,Brazil,,,,3,"-1,3",2,0,"0,3",0,"0,3",0,0,"0,3","0,3",0,0,0,"0,3",0,0,"0,3",0,0,1,
Passos Enzo,Santos,CBB,Brazilian,Brazil,,,,0,0,0,0,0,0,0,0,0,0,0,0,0,0,0,0,0,0,0,0,0,
Ribeiro Matheus,Santos,CBB,Brazilian,Brazil,,,,1,1,3,0,0,0,0,1,0,0,0,0,0,0,0,0,0,0,0,0,0,
Vinicius Marcos,Sorocabana,CBB,Brazilian,Brazil,,,,2,"-0,5","9,5","1,5",1,0,1,1,0,"0,5","1,5",2,"1,5",75,"0,5",0,0,"1,5",0,0,0,
,,,,,,197,,,,,,,,,,,,,,,,,,,,,,,